chapter,anger,anticipation,disgust,fear,joy,negative,positive,sadness,surprise,trust,word_counts,chapter_names,file
1,16.0,23,8.0,28.0,14.0,34.0,39,14.0,9.0,37,1137,SURA LXXIV.-THE ENWRAPPED1 [II.],Koran
2,6.0,19,5.0,13.0,13.0,13.0,36,5.0,4.0,27,752,SURA LXXIII. THE ENFOLDED1 [III.],Koran
3,1.0,6,3.0,4.0,8.0,9.0,18,3.0,0.0,14,316,SURA XCIII.1-THE BRIGHTNESS [IV.],Koran
4,1.0,4,1.0,2.0,3.0,2.0,6,2.0,2.0,4,72,SURA XCIV.-THE OPENING [V.],Koran
5,0.0,1,2.0,1.0,1.0,5.0,5,0.0,0.0,3,127,SURA CXIII.-THE DAYBREAK [VI.],Koran
6,0.0,2,1.0,2.0,2.0,2.0,5,0.0,1.0,3,54,SURA CXIV.-MEN [VII.],Koran
7,1.0,10,2.0,4.0,10.0,7.0,23,3.0,3.0,14,414,SURA I.1 [VIII.],Koran
8,0.0,10,1.0,10.0,9.0,2.0,11,0.0,0.0,11,124,SURA CIX.-UNBELIEVERS [IX.],Koran
9,0.0,3,0.0,3.0,3.0,0.0,4,0.0,0.0,3,40,SURA CXII.-THE UNITY [X.],Koran
10,1.0,4,1.0,5.0,3.0,5.0,6,4.0,0.0,4,149,SURA CXI. ABU LAHAB [XI.],Koran
11,2.0,4,4.0,3.0,3.0,5.0,5,1.0,2.0,4,57,SURA CVIII.-THE ABUNDANCE [XII.],Koran
12,2.0,2,2.0,7.0,5.0,3.0,8,0.0,1.0,7,94,SURA CIV.-THE BACKBITER [XII.],Koran
13,1.0,2,1.0,3.0,2.0,4.0,3,2.0,1.0,3,68,SURA CVII.-RELIGION [XIV.],Koran
14,0.0,1,0.0,1.0,1.0,0.0,6,0.0,0.0,1,85,SURA CII.-DESIRE [XV.],Koran
15,3.0,6,5.0,6.0,5.0,7.0,13,4.0,3.0,10,243,SURA XCII.-THE NIGHT [XVI.],Koran
16,13.0,26,22.0,23.0,22.0,38.0,48,15.0,9.0,39,1088,SURA LXVIII.-THE PEN [XVII.],Koran
17,2.0,2,3.0,5.0,3.0,8.0,7,2.0,2.0,5,244,SURA XC.-THE SOIL [XVIII.],Koran
18,3.0,8,2.0,5.0,5.0,8.0,12,5.0,1.0,9,251,SURA CV.-THE ELEPHANT [XIX.],Koran
19,0.0,3,1.0,2.0,2.0,3.0,4,0.0,0.0,4,94,SURA CVI.-THE KOREISCH [XX.],Koran
20,0.0,3,1.0,2.0,4.0,3.0,10,0.0,1.0,6,175,SURA XCVII.-POWER [XXI.],Koran
21,0.0,3,1.0,2.0,4.0,2.0,6,1.0,2.0,5,157,SURA LXXXVI. THE NIGHT-COMER [XXII.],Koran
22,3.0,5,4.0,4.0,6.0,7.0,13,2.0,1.0,8,181,SURA XCI.-THE SUN [XXIII.],Koran
23,2.0,13,2.0,8.0,15.0,9.0,24,6.0,4.0,15,484,SURA LXXX.-HE FROWNED [XXIV.],Koran
24,1.0,4,3.0,8.0,6.0,7.0,12,2.0,2.0,10,204,SURA LXXXVII.-THE MOST HIGH [XXV.],Koran
25,2.0,4,3.0,4.0,4.0,5.0,7,3.0,2.0,7,220,SURA XCV.-THE FIG [XXVI.],Koran
26,2.0,3,1.0,2.0,1.0,2.0,5,1.0,1.0,4,66,SURA CIII.-THE AFTERNOON [XXVII.],Koran
27,7.0,7,3.0,13.0,9.0,13.0,19,7.0,0.0,18,396,SURA LXXXV.-THE STARRY [XXVIII.],Koran
28,1.0,2,1.0,3.0,4.0,2.0,5,1.0,2.0,4,100,SURA CI.-THE BLOW [XXIX.],Koran
29,1.0,4,4.0,4.0,5.0,6.0,10,3.0,4.0,6,96,SURA XCIX.-THE EARTHQUAKE [XXX.],Koran
30,2.0,2,4.0,8.0,6.0,7.0,10,2.0,4.0,7,195,SURA LXXXII.-THE CLEAVING [XXXI.],Koran
31,6.0,9,6.0,10.0,7.0,17.0,20,5.0,5.0,16,473,SURA LXXXI.-THE FOLDED UP [XXXII.],Koran
32,5.0,10,9.0,8.0,7.0,13.0,19,4.0,3.0,16,329,SURA LXXXIV.-THE SPLITTING ASUNDER [XXXIII.],Koran
33,2.0,2,2.0,5.0,2.0,5.0,6,0.0,0.0,5,124,SURA C.-THE CHARGERS [XXXIV.],Koran
34,10.0,11,8.0,17.0,9.0,19.0,31,7.0,5.0,20,601,SURA LXXIX.1-THOSE WHO DRAG FORTH [XXXV.],Koran
35,7.0,11,11.0,11.0,9.0,15.0,20,9.0,5.0,15,589,SURA LXXVII.-THE SENT [XXXVI.],Koran
36,5.0,6,2.0,6.0,9.0,12.0,29,4.0,3.0,21,599,SURA LXXVIII.-THE NEWS [XXXVII.],Koran
37,1.0,5,1.0,6.0,6.0,8.0,10,2.0,2.0,6,228,SURA LXXXVIII.-THE OVERSHADOWING [XXXVIII.],Koran
38,5.0,5,13.0,10.0,5.0,18.0,20,5.0,1.0,13,368,SURA LXXXIX.-THE DAYBREAK [XXXIX.],Koran
39,7.0,15,10.0,15.0,9.0,23.0,25,15.0,3.0,15,601,SURA LXXV.-THE RESURRECTION [XL.],Koran
40,10.0,9,8.0,9.0,11.0,14.0,23,7.0,4.0,17,461,SURA LXXXIII.-THOSE WHO STINT [XLI.],Koran
41,9.0,6,11.0,18.0,8.0,24.0,30,13.0,7.0,24,780,SURA LXIX.-THE INEVITABLE [XLII.],Koran
42,15.0,20,9.0,24.0,16.0,29.0,40,6.0,8.0,33,1054,SURA LI.-THE SCATTERING [XLIII.],Koran
43,8.0,24,15.0,23.0,22.0,27.0,45,10.0,8.0,35,777,SURA LII.-THE MOUNTAIN [XLIV.],Koran
44,14.0,26,19.0,15.0,28.0,35.0,52,18.0,12.0,29,1311,SURA LVI.-THE INEVITABLE [XLV.],Koran
45,12.0,30,13.0,26.0,32.0,34.0,64,12.0,12.0,50,1342,SURA1-LIII. THE STAR [XLVI.],Koran
46,3.0,11,4.0,9.0,15.0,13.0,29,5.0,2.0,21,561,SURA LXX.-THE STEPS OR ASCENTS [XLVII.],Koran
47,5.0,13,9.0,9.0,16.0,17.0,46,7.0,7.0,30,873,SURA LV.-THE MERCIFUL [XLVIII.],Koran
48,20.0,9,10.0,28.0,8.0,30.0,25,11.0,10.0,20,896,SURA LIV.-THE MOON [XLIX.],Koran
49,30.0,66,32.0,61.0,64.0,73.0,123,30.0,22.0,104,2366,SURA XXXVII.-THE RANKS [L.],Koran
50,4.0,12,7.0,15.0,13.0,23.0,25,11.0,5.0,25,555,SURA LXXI.-NOAH [LI.],Koran
51,2.0,19,7.0,12.0,16.0,12.0,33,5.0,3.0,23,532,SURA LXXVI.-MAN [LII.],Koran
52,17.0,24,23.0,24.0,21.0,32.0,48,16.0,9.0,37,1003,SURA XLIV.-SMOKE [LIII.],Koran
53,16.0,21,10.0,27.0,20.0,33.0,40,19.0,11.0,31,1124,SURA L.-KAF [LIV.],Koran
54,41.0,61,47.0,81.0,71.0,122.0,168,38.0,17.0,139,4039,SURA XX.1-TA. HA. [LV.],Koran
55,64.0,78,75.0,115.0,79.0,144.0,189,45.0,37.0,180,3666,SURA XXVI.-THE POETS1 [LVI.],Koran
56,21.0,34,23.0,43.0,34.0,55.0,77,31.0,17.0,62,2251,SURA XV.-HEDJR1 [LVII.],Koran
57,17.0,82,36.0,73.0,82.0,68.0,169,30.0,13.0,132,3302,SURA XIX.1-MARY [LVIII.],Koran
58,22.0,33,28.0,42.0,36.0,66.0,107,28.0,12.0,77,2430,SURA XXXVIII.-SAD [LIX.],Koran
59,31.0,36,20.0,53.0,37.0,54.0,79,22.0,18.0,60,2147,SURA XXXVI.-YA. SIN [LX.],Koran
60,25.0,46,22.0,53.0,56.0,59.0,125,21.0,11.0,97,2457,SURA XLIII.-ORNAMENTS OF GOLD [LXI.],Koran
61,10.0,16,11.0,23.0,19.0,22.0,50,6.0,1.0,46,652,SURA LXXII.-DJINN [LXII.],Koran
62,18.0,14,10.0,31.0,16.0,28.0,40,13.0,2.0,22,828,SURA LXVII.-THE KINGDOM [LXIII.],Koran
63,26.0,51,48.0,62.0,54.0,86.0,125,27.0,18.0,106,2720,SURA XXIII.-THE BELIEVERS [LXIV.],Koran
64,38.0,69,45.0,89.0,68.0,99.0,149,49.0,34.0,110,3758,SURA XXI.-THE PROPHETS [LXV.],Koran
65,37.0,49,30.0,52.0,52.0,75.0,110,24.0,17.0,84,2488,SURA XXV.-AL FURKAN [LXVI.],Koran
66,56.0,62,61.0,79.0,78.0,136.0,209,48.0,20.0,166,4282,SURA XVII.-THE NIGHT JOURNEY [LXVII.],Koran
67,30.0,67,30.0,71.0,79.0,68.0,166,29.0,21.0,118,2909,SURA XXVII.-THE ANT [LXVIII.],Koran
68,35.0,86,53.0,71.0,79.0,121.0,203,46.0,32.0,153,4291,SURA XVIII.-THE CAVE [LXIX.],Koran
69,15.0,12,13.0,23.0,12.0,39.0,37,16.0,6.0,34,925,SURA XXXII.-ADORATION [LXX.],Koran
70,14.0,41,19.0,42.0,38.0,58.0,87,18.0,18.0,72,1969,SURA1 XLI.-THE MADE PLAIN [LXXI.],Koran
71,16.0,32,21.0,37.0,37.0,39.0,71,15.0,7.0,62,1153,SURA XLV.-THE KNEELING [LXXII.],Koran
72,57.0,157,56.0,165.0,159.0,133.0,291,55.0,33.0,236,4714,SURA XVI.-THE BEE [LXXIII.],Koran
73,19.0,58,10.0,51.0,65.0,48.0,118,14.0,6.0,83,2113,SURA XXX.-THE GREEKS [LXXIV.],Koran
74,75.0,123,90.0,133.0,109.0,158.0,259,59.0,37.0,208,4987,SURA XI.-HOUD [LXXV.],Koran
75,36.0,62,37.0,82.0,65.0,73.0,126,28.0,12.0,114,1901,"SURA XIV.-ABRAHAM, ON WHOM BE PEACE [LXXVI.]",Koran
76,48.0,89,42.0,95.0,105.0,107.0,238,52.0,37.0,217,4641,"SURA XII.-JOSEPH, PEACE BE ON HIM [LXXVII.]",Koran
77,50.0,86,55.0,126.0,94.0,97.0,184,46.0,19.0,155,2997,SURA XL.-THE BELIEVER [LXXVIII.],Koran
78,41.0,97,40.0,90.0,96.0,98.0,184,31.0,27.0,142,3744,SURA XXVIII.-THE STORY [LXXIX.],Koran
79,52.0,87,59.0,128.0,103.0,106.0,183,39.0,23.0,157,2797,SURA XXXIX.-THE TROOPS [LXXX.],Koran
80,43.0,77,33.0,94.0,90.0,65.0,143,32.0,19.0,133,2709,SURA XXIX.-THE SPIDER [LXXXI.],Koran
81,15.0,46,9.0,42.0,59.0,36.0,100,14.0,5.0,76,1466,SURA XXXI.-LOKMAN1 [LXXXII.],Koran
82,26.0,53,26.0,54.0,58.0,56.0,114,24.0,8.0,95,1934,SURA XLII.-COUNSEL [LXXXIII.],Koran
83,43.0,126,47.0,143.0,138.0,125.0,252,48.0,33.0,225,4230,"SURA X.-JONAH, PEACE BE ON HIM! [LXXXIV.]",Koran
84,24.0,33,26.0,41.0,43.0,68.0,102,23.0,14.0,73,2188,SURA XXXIV.-SABA1 [LXXXV.],Koran
85,30.0,64,20.0,70.0,72.0,53.0,110,30.0,23.0,92,1763,"SURA XXXV.-THE CREATOR, OR THE ANGELS [LXXXVI.]",Koran
86,106.0,166,108.0,214.0,187.0,269.0,400,110.0,57.0,337,9361,SURA VII.-AL ARAF [LXXXVII.],Koran
87,18.0,47,15.0,46.0,41.0,38.0,66,12.0,11.0,62,1632,SURA XLVI.-AL AHKAF [LXXXVIII.],Koran
88,97.0,186,100.0,217.0,189.0,243.0,402,74.0,48.0,352,7724,SURA VI.-CATTLE [LXXXIX.],Koran
89,29.0,65,19.0,76.0,67.0,56.0,123,17.0,20.0,102,2133,SURA XIII.-THUNDER [XC.],Koran
90,242.0,476,167.0,579.0,495.0,485.0,874,200.0,124.0,762,16358,SURA II.-THE COW1 [XCI.],Koran
91,0.0,6,1.0,5.0,7.0,1.0,12,0.0,0.0,10,197,SURA XCVIII.-CLEAR EVIDENCE [XCII.],Koran
92,9.0,26,9.0,32.0,32.0,15.0,52,6.0,1.0,47,719,SURA LXIV.-MUTUAL DECEIT [XCIII.],Koran
93,7.0,16,3.0,17.0,19.0,10.0,34,5.0,5.0,26,532,SURA LXII.-THE ASSEMBLY [XCIV.],Koran
94,62.0,126,31.0,152.0,115.0,96.0,209,29.0,17.0,178,3047,SURA VIII.-THE SPOILS1 [XCV.],Koran
95,18.0,41,15.0,54.0,39.0,42.0,70,14.0,7.0,59,1409,SURA1 XLVII.-MUHAMMAD [XCVI.],Koran
96,131.0,352,89.0,373.0,340.0,272.0,584,113.0,62.0,509,9667,SURA III.-THE FAMILY OF IMRAN1 [XCVII.],Koran
97,12.0,27,7.0,35.0,28.0,19.0,50,7.0,2.0,45,773,SURA LXI.-BATTLE ARRAY [XCVIII.],Koran
98,18.0,50,12.0,49.0,55.0,32.0,97,9.0,9.0,75,1518,SURA LVII.-IRON [XCIX.],Koran
99,121.0,347,75.0,385.0,336.0,253.0,595,114.0,71.0,495,8780,SURA IV.-WOMEN1 [C.],Koran
100,8.0,39,6.0,34.0,33.0,16.0,51,5.0,4.0,47,714,SURA LXV.-DIVORCE1 [CI.],Koran
101,28.0,45,14.0,59.0,48.0,37.0,79,11.0,3.0,66,1147,SURA LIX.-THE EMIGRATION [CII.],Koran
102,55.0,156,34.0,144.0,127.0,94.0,239,41.0,31.0,210,3548,SURA XXXIII.-THE CONFEDERATES1 [CIII.],Koran
103,7.0,19,4.0,25.0,20.0,15.0,36,5.0,6.0,29,547,SURA LXIII.1-THE HYPOCRITES [CIV.],Koran
104,36.0,121,24.0,137.0,128.0,79.0,210,37.0,24.0,180,3301,SURA XXIV.-LIGHT [CV.],Koran
105,13.0,42,10.0,55.0,47.0,30.0,81,15.0,1.0,64,1183,SURA LVIII.-SHE WHO PLEADED [CVI.],Koran
106,43.0,108,30.0,127.0,107.0,96.0,187,48.0,12.0,162,3321,SURA XXII.-THE PILGRIMAGE [CVII.],Koran
107,28.0,60,14.0,58.0,63.0,33.0,118,12.0,5.0,101,1561,SURA XLVIII.-THE VICTORY [CVIII.],Koran
108,7.0,26,9.0,26.0,26.0,16.0,53,7.0,1.0,41,722,SURA LXVI.-THE FORBIDDING [CIX.],Koran
109,17.0,39,10.0,38.0,34.0,30.0,59,12.0,9.0,53,1023,SURA1 LX.-SHE WHO IS TRIED [CX.],Koran
110,1.0,6,2.0,5.0,5.0,2.0,8,1.0,1.0,7,72,SURA1 CX.-HELP [CXI.],Koran
111,18.0,42,8.0,49.0,44.0,36.0,72,13.0,4.0,57,992,SURA XLIX.-THE APARTMENTS [CXII.],Koran
112,102.0,263,64.0,292.0,248.0,190.0,444,78.0,30.0,363,6759,SURA IX.1-IMMUNITY [CXIII.],Koran
113,123.0,202,86.0,299.0,223.0,227.0,397,96.0,41.0,381,7461,SURA V.-THE TABLE [CXIV.],Koran
1,39.0,92,23.0,32.0,96.0,92.0,180,42.0,42.0,110,4112,THE FIRST BOOK,Meditations
2,43.0,48,36.0,46.0,40.0,79.0,82,52.0,23.0,55,2385,THE SECOND BOOK,Meditations
3,26.0,75,22.0,45.0,62.0,72.0,146,39.0,36.0,84,3585,THE THIRD BOOK,Meditations
4,67.0,129,55.0,91.0,93.0,162.0,225,92.0,56.0,132,5874,THE FOURTH BOOK,Meditations
5,65.0,115,51.0,86.0,119.0,143.0,228,65.0,59.0,156,5843,THE FIFTH BOOK,Meditations
6,59.0,127,38.0,76.0,104.0,127.0,225,75.0,51.0,150,5981,THE SIXTH BOOK,Meditations
7,70.0,135,38.0,88.0,112.0,163.0,271,83.0,73.0,164,6431,THE SEVENTH BOOK,Meditations
8,75.0,119,61.0,114.0,99.0,166.0,225,115.0,67.0,122,6415,THE EIGHTH BOOK,Meditations
9,69.0,129,52.0,92.0,120.0,140.0,229,90.0,83.0,152,5773,THE NINTH BOOK,Meditations
10,71.0,154,49.0,93.0,134.0,153.0,267,104.0,64.0,154,6730,THE TENTH BOOK,Meditations
11,68.0,89,37.0,72.0,81.0,138.0,186,67.0,42.0,118,4837,THE ELEVENTH BOOK,Meditations
12,37.0,99,31.0,63.0,84.0,77.0,160,44.0,47.0,102,4006,THE TWELFTH BOOK,Meditations
1,8.0,19,7.0,9.0,17.0,22.0,33,14.0,9.0,24,299,REJOICE!,Gospel of Buddha
2,14.0,25,6.0,21.0,26.0,34.0,67,18.0,10.0,37,829,SAMSĀRA AND NIRVĀNA.,Gospel of Buddha
3,20.0,13,20.0,19.0,20.0,32.0,45,18.0,6.0,35,639,TRUTH THE SAVIOUR.,Gospel of Buddha
4,13.0,38,7.0,23.0,50.0,32.0,78,24.0,9.0,48,1115,THE BODHISATTA'S BIRTH,Gospel of Buddha
5,4.0,10,2.0,3.0,15.0,5.0,30,2.0,3.0,9,423,THE TIES OF LIFE.,Gospel of Buddha
6,11.0,26,11.0,22.0,21.0,41.0,51,28.0,8.0,21,993,THE THREE WOES.,Gospel of Buddha
7,17.0,59,14.0,28.0,48.0,49.0,100,36.0,22.0,54,1451,THE BODHISATTA'S RENUNCIATION.,Gospel of Buddha
8,8.0,37,9.0,26.0,46.0,30.0,84,17.0,16.0,49,1069,KING BIMBISĀRA.,Gospel of Buddha
9,23.0,33,21.0,35.0,23.0,56.0,68,28.0,11.0,54,1797,THE BODHISATTA'S SEARCH.,Gospel of Buddha
10,6.0,19,9.0,14.0,22.0,24.0,33,12.0,11.0,22,678,"URUVELĀ, THE PLACE OF MORTIFICATION.",Gospel of Buddha
11,10.0,12,9.0,15.0,19.0,17.0,29,10.0,8.0,13,347,MĀRA THE EVIL ONE.,Gospel of Buddha
12,18.0,24,18.0,37.0,14.0,61.0,52,40.0,10.0,32,906,ENLIGHTENMENT.,Gospel of Buddha
13,0.0,7,1.0,1.0,11.0,1.0,14,0.0,2.0,8,144,THE FIRST CONVERTS.,Gospel of Buddha
14,8.0,18,9.0,20.0,29.0,29.0,54,14.0,9.0,28,699,BRAHMĀS REQUEST.,Gospel of Buddha
15,1.0,8,1.0,1.0,13.0,2.0,24,2.0,2.0,12,364,UPAKA.,Gospel of Buddha
16,21.0,44,34.0,37.0,43.0,62.0,110,38.0,13.0,75,1623,THE SERMON AT BENARES.,Gospel of Buddha
17,0.0,21,4.0,5.0,32.0,10.0,77,5.0,6.0,59,836,THE SANGHA.,Gospel of Buddha
18,12.0,23,11.0,14.0,39.0,24.0,74,15.0,10.0,50,1134,"YASA, THE YOUTH OF BENARES.",Gospel of Buddha
19,9.0,21,11.0,34.0,25.0,26.0,40,12.0,8.0,16,992,KASSAPA.,Gospel of Buddha
20,18.0,29,19.0,28.0,29.0,45.0,69,21.0,8.0,46,1337,THE SERMON AT RĀJAGAHA.,Gospel of Buddha
21,0.0,8,2.0,0.0,13.0,4.0,36,1.0,3.0,15,424,THE KING'S GIFT.,Gospel of Buddha
22,3.0,10,3.0,1.0,16.0,11.0,32,2.0,4.0,19,549,SĀRIPUTTA AND MOGGALLĀNA.,Gospel of Buddha
23,11.0,23,7.0,12.0,35.0,22.0,59,13.0,10.0,35,1065,ANĀTHAPINDIKA.,Gospel of Buddha
24,7.0,15,2.0,6.0,27.0,6.0,50,2.0,6.0,20,380,THE SERMON ON CHARITY.,Gospel of Buddha
25,17.0,33,18.0,27.0,35.0,45.0,96,22.0,10.0,64,1275,JETAVANA.,Gospel of Buddha
26,1.0,8,5.0,12.0,7.0,20.0,20,6.0,1.0,18,617,THE THREE CHARACTERISTICS AND THE UNCREATE.,Gospel of Buddha
27,4.0,9,1.0,7.0,17.0,11.0,43,8.0,5.0,26,645,THE BUDDHA'S FATHER.,Gospel of Buddha
28,1.0,15,1.0,6.0,31.0,15.0,53,10.0,6.0,20,797,YASODHARĀ.,Gospel of Buddha
29,4.0,9,5.0,5.0,18.0,10.0,35,4.0,6.0,19,555,RĀHULA.,Gospel of Buddha
30,2.0,11,10.0,3.0,30.0,18.0,48,5.0,3.0,28,657,"JĪVAKA, THE PHYSICIAN.",Gospel of Buddha
31,0.0,1,2.0,0.0,5.0,3.0,6,4.0,0.0,3,105,THE BUDDHA'S PARENTS ATTAIN NIRVĀNA.,Gospel of Buddha
32,3.0,9,4.0,6.0,12.0,10.0,22,7.0,1.0,15,337,WOMEN ADMITTED TO THE SANGHA.,Gospel of Buddha
33,7.0,12,4.0,11.0,11.0,18.0,21,6.0,6.0,12,435,THE BHIKKHUS' CONDUCT TOWARD WOMEN.,Gospel of Buddha
34,8.0,27,40.0,10.0,47.0,53.0,107,26.0,9.0,63,1274,VISĀKHĀ.,Gospel of Buddha
35,2.0,10,0.0,3.0,15.0,8.0,31,4.0,3.0,19,592,THE UPOSATHA AND PĀTIMOKKHA.,Gospel of Buddha
36,20.0,17,16.0,24.0,15.0,31.0,47,24.0,0.0,33,838,THE SCHISM.,Gospel of Buddha
37,41.0,58,25.0,50.0,52.0,66.0,136,39.0,28.0,62,2130,THE RE-ESTABLISHMENT OF CONCORD.,Gospel of Buddha
38,1.0,2,0.0,2.0,6.0,3.0,19,1.0,0.0,10,278,THE BHIKKHUS REBUKED.,Gospel of Buddha
39,17.0,13,24.0,20.0,22.0,37.0,42,22.0,9.0,27,837,DEVADATTA.,Gospel of Buddha
40,7.0,26,5.0,19.0,20.0,30.0,58,20.0,10.0,32,1832,NAME AND FORM.,Gospel of Buddha
41,3.0,12,2.0,6.0,17.0,8.0,31,4.0,3.0,23,452,THE GOAL.,Gospel of Buddha
42,1.0,7,3.0,3.0,13.0,9.0,22,6.0,5.0,22,556,MIRACLES FORBIDDEN.,Gospel of Buddha
43,8.0,32,8.0,19.0,24.0,37.0,48,13.0,20.0,28,732,THE VANITY OF WORLDLINESS.,Gospel of Buddha
44,3.0,4,3.0,1.0,3.0,8.0,9,2.0,5.0,9,175,SECRECY AND PUBLICITY.,Gospel of Buddha
45,40.0,27,46.0,57.0,28.0,66.0,35,54.0,20.0,31,567,THE ANNIHILATION OF SUFFERING.,Gospel of Buddha
46,13.0,10,14.0,18.0,7.0,26.0,21,13.0,7.0,14,352,AVOIDING THE TEN EVILS.,Gospel of Buddha
47,15.0,32,13.0,15.0,43.0,27.0,81,9.0,14.0,61,1185,THE PREACHER'S MISSION.,Gospel of Buddha
48,49.0,68,51.0,70.0,53.0,117.0,107,56.0,36.0,63,2027,THE DHAMMAPADA.,Gospel of Buddha
49,11.0,22,7.0,19.0,39.0,31.0,71,16.0,14.0,47,1667,THE TWO BRAHMANS.,Gospel of Buddha
50,5.0,6,2.0,7.0,14.0,9.0,30,5.0,6.0,24,452,GUARD THE SIX QUARTERS.,Gospel of Buddha
51,38.0,50,30.0,41.0,68.0,67.0,138,32.0,21.0,94,2030,SIMHA'S QUESTION CONCERNING ANNIHILATION.,Gospel of Buddha
52,4.0,1,1.0,4.0,7.0,5.0,20,2.0,1.0,13,302,ALL EXISTENCE IS SPIRITUAL.,Gospel of Buddha
53,19.0,57,26.0,39.0,58.0,49.0,149,28.0,24.0,82,2974,IDENTITY AND NON-IDENTITY.,Gospel of Buddha
54,3.0,8,4.0,7.0,14.0,7.0,32,3.0,2.0,20,411,THE BUDDHA OMNIPRESENT.,Gospel of Buddha
55,2.0,4,3.0,3.0,3.0,7.0,13,3.0,1.0,10,507,"ONE ESSENCE, ONE LAW, ONE AIM.",Gospel of Buddha
56,13.0,8,11.0,22.0,21.0,35.0,49,17.0,4.0,20,648,THE LESSON GIVEN TO RĀHULA.,Gospel of Buddha
57,11.0,3,10.0,13.0,9.0,22.0,12,13.0,3.0,6,356,THE SERMON ON ABUSE.,Gospel of Buddha
58,12.0,16,10.0,26.0,23.0,21.0,34,12.0,8.0,21,498,THE BUDDHA REPLIES TO THE DEVA.,Gospel of Buddha
59,8.0,21,3.0,11.0,29.0,20.0,60,22.0,12.0,34,728,WORDS OF INSTRUCTION.,Gospel of Buddha
60,17.0,40,17.0,21.0,64.0,34.0,120,21.0,25.0,70,1777,AMITĀBHA.,Gospel of Buddha
61,4.0,4,3.0,7.0,7.0,8.0,13,5.0,3.0,14,436,THE TEACHER UNKNOWN.,Gospel of Buddha
62,1.0,2,0.0,0.0,2.0,0.0,7,0.0,0.0,5,126,PARABLES.,Gospel of Buddha
63,5.0,9,6.0,4.0,15.0,7.0,28,14.0,3.0,18,490,THE WIDOW'S TWO MITES AND THE PARABLE OF THE THREE MERCHANTS.,Gospel of Buddha
64,0.0,5,3.0,3.0,3.0,6.0,8,4.0,4.0,8,186,THE MAN BORN BLIND.,Gospel of Buddha
65,5.0,5,4.0,6.0,6.0,8.0,8,5.0,1.0,11,266,THE LOST SON.,Gospel of Buddha
66,8.0,8,3.0,11.0,7.0,22.0,13,11.0,7.0,6,328,THE GIDDY FISH.,Gospel of Buddha
67,8.0,10,6.0,19.0,11.0,30.0,24,13.0,7.0,15,952,THE CRUEL CRANE OUTWITTED.,Gospel of Buddha
68,1.0,4,2.0,3.0,7.0,10.0,21,3.0,3.0,13,294,FOUR KINDS OF MERIT.,Gospel of Buddha
69,2.0,5,1.0,0.0,8.0,5.0,12,3.0,3.0,8,205,THE LIGHT OF THE WORLD.,Gospel of Buddha
70,3.0,5,2.0,2.0,6.0,7.0,11,2.0,0.0,4,290,LUXURIOUS LIVING.,Gospel of Buddha
71,8.0,13,3.0,4.0,20.0,11.0,30,3.0,6.0,22,391,THE COMMUNICATION OF BLISS.,Gospel of Buddha
72,2.0,4,3.0,2.0,4.0,5.0,12,4.0,2.0,9,241,THE LISTLESS FOOL.,Gospel of Buddha
73,16.0,25,11.0,15.0,22.0,28.0,57,19.0,10.0,36,1229,RESCUE IN THE DESERT.,Gospel of Buddha
74,0.0,6,0.0,0.0,10.0,4.0,18,2.0,2.0,9,270,THE SOWER.,Gospel of Buddha
75,4.0,3,12.0,14.0,5.0,18.0,8,12.0,1.0,6,171,THE OUTCAST.,Gospel of Buddha
76,3.0,7,5.0,6.0,12.0,11.0,31,8.0,6.0,16,374,THE WOMAN AT THE WELL.,Gospel of Buddha
77,4.0,2,1.0,5.0,0.0,6.0,4,1.0,1.0,2,248,THE PEACEMAKER.,Gospel of Buddha
78,13.0,18,9.0,20.0,8.0,24.0,18,15.0,2.0,7,396,THE HUNGRY DOG.,Gospel of Buddha
79,9.0,4,4.0,16.0,5.0,15.0,11,13.0,1.0,9,300,THE DESPOT.,Gospel of Buddha
80,6.0,13,7.0,7.0,22.0,17.0,28,7.0,5.0,17,561,VĀSAVADATTĀ.,Gospel of Buddha
81,4.0,12,2.0,2.0,14.0,6.0,42,2.0,2.0,21,507,THE MARRIAGE-FEAST IN JAMBŪNADA.,Gospel of Buddha
82,5.0,2,5.0,4.0,6.0,5.0,12,3.0,5.0,6,206,A PARTY IN SEARCH OF A THIEF.,Gospel of Buddha
83,7.0,24,9.0,11.0,28.0,26.0,50,18.0,8.0,32,835,IN THE REALM OF YAMARĀJA.,Gospel of Buddha
84,12.0,28,16.0,28.0,27.0,62.0,46,48.0,13.0,24,1081,THE MUSTARD SEED.,Gospel of Buddha
85,7.0,9,3.0,8.0,13.0,11.0,19,6.0,2.0,15,397,FOLLOWING THE MASTER OVER THE STREAM.,Gospel of Buddha
86,11.0,4,16.0,16.0,5.0,33.0,27,17.0,2.0,15,499,THE SICK BHIKKHU.,Gospel of Buddha
87,30.0,18,29.0,33.0,15.0,55.0,39,22.0,9.0,17,870,THE PATIENT ELEPHANT.,Gospel of Buddha
88,5.0,32,3.0,6.0,22.0,14.0,58,5.0,3.0,24,646,THE CONDITIONS OF WELFARE.,Gospel of Buddha
89,2.0,10,10.0,2.0,14.0,15.0,42,2.0,1.0,24,573,SĀRIPUTTA'S FAITH.,Gospel of Buddha
90,13.0,15,13.0,17.0,20.0,21.0,35,14.0,6.0,21,779,PĀTALIPUTTA.,Gospel of Buddha
91,13.0,26,15.0,21.0,23.0,26.0,62,15.0,7.0,44,683,THE MIRROR OF TRUTH.,Gospel of Buddha
92,1.0,19,2.0,1.0,32.0,10.0,58,2.0,8.0,28,1008,AMBAPĀLĪ.,Gospel of Buddha
93,4.0,23,9.0,12.0,19.0,21.0,52,18.0,6.0,28,974,THE BUDDHA'S FAREWELL ADDRESS.,Gospel of Buddha
94,10.0,33,7.0,10.0,30.0,18.0,55,10.0,7.0,31,887,THE BUDDHA ANNOUNCES HIS DEATH.,Gospel of Buddha
95,11.0,43,18.0,12.0,60.0,33.0,93,14.0,20.0,50,1296,"CHUNDA, THE SMITH.",Gospel of Buddha
96,2.0,19,4.0,3.0,27.0,12.0,59,9.0,4.0,24,838,METTEYYA.,Gospel of Buddha
97,16.0,37,16.0,22.0,66.0,47.0,126,28.0,12.0,86,1949,THE BUDDHA'S FINAL ENTERING INTO NIRVĀNA.,Gospel of Buddha
98,6.0,9,2.0,8.0,16.0,10.0,53,6.0,2.0,47,854,THE THREE PERSONALITIES OF THE BUDDHA.,Gospel of Buddha
99,14.0,23,10.0,18.0,29.0,25.0,93,14.0,6.0,65,1093,THE PURPOSE OF BEING.,Gospel of Buddha
100,0.0,2,1.0,1.0,7.0,3.0,12,1.0,3.0,10,115,THE PRAISE OF ALL THE BUDDHAS.,Gospel of Buddha
1,292.0,653,351.0,569.0,771.0,746.0,1594,334.0,250.0,1217,42004,The First Book of Moses:  Called Genesis,King James Bible
2,307.0,413,475.0,457.0,329.0,866.0,1281,256.0,120.0,974,34950,The Second Book of Moses:  Called Exodus,King James Bible
3,320.0,238,729.0,462.0,266.0,1001.0,1109,400.0,103.0,942,26061,The Third Book of Moses:  Called Leviticus,King James Bible
4,319.0,404,621.0,463.0,348.0,964.0,1326,328.0,185.0,1180,35261,The Fourth Book of Moses:  Called Numbers,King James Bible
5,358.0,687,711.0,737.0,692.0,1141.0,1731,321.0,185.0,1372,30386,The Fifth Book of Moses:  Called Deuteronomy,King James Bible
6,139.0,228,253.0,229.0,191.0,447.0,731,107.0,111.0,586,20397,The Book of Joshua,King James Bible
7,148.0,274,240.0,252.0,237.0,468.0,633,175.0,118.0,505,20349,The Book of Judges,King James Bible
8,11.0,48,24.0,12.0,59.0,57.0,114,31.0,23.0,78,2812,The Book of Ruth,King James Bible
9,249.0,352,410.0,375.0,303.0,770.0,929,227.0,131.0,725,27057,The First Book of the Kings,King James Bible
10,146.0,284,248.0,260.0,283.0,502.0,959,175.0,128.0,566,22291,The Second Book of the Kings,King James Bible
11,180.0,319,375.0,297.0,297.0,631.0,1253,187.0,110.0,829,26380,The Third Book of the Kings,King James Bible
12,194.0,291,342.0,315.0,282.0,636.0,1129,208.0,109.0,699,25277,The Fourth Book of the Kings,King James Bible
13,84.0,262,191.0,210.0,277.0,336.0,778,70.0,50.0,601,22789,The First Book of the Chronicles,King James Bible
14,210.0,431,454.0,410.0,404.0,725.0,1416,196.0,108.0,977,27655,The Second Book of the Chronicles,King James Bible
15,37.0,142,52.0,113.0,125.0,105.0,342,37.0,28.0,204,8106,Ezra,King James Bible
16,72.0,120,67.0,136.0,132.0,157.0,330,70.0,35.0,235,11612,The Book of Nehemiah,King James Bible
17,45.0,81,15.0,52.0,76.0,78.0,296,39.0,22.0,83,6057,The Book of Esther,King James Bible
18,301.0,331,213.0,470.0,327.0,668.0,735,262.0,159.0,469,19593,The Book of Job,King James Bible
19,583.0,1323,1126.0,1208.0,1563.0,2002.0,3181,693.0,498.0,2466,45479,The Book of Psalms,King James Bible
20,319.0,271,312.0,384.0,303.0,731.0,890,244.0,179.0,565,15797,The Proverbs,King James Bible
21,89.0,175,65.0,124.0,159.0,200.0,293,87.0,98.0,162,5975,The Preacher,King James Bible
22,23.0,56,26.0,17.0,95.0,35.0,140,31.0,40.0,57,2923,The Song of Solomon,King James Bible
23,463.0,654,766.0,733.0,708.0,1493.0,1866,567.0,310.0,1279,40117,The Book of the Prophet Isaiah,King James Bible
24,615.0,551,990.0,896.0,504.0,1848.0,2040,689.0,278.0,1415,46122,The Book of the Prophet Jeremiah,King James Bible
25,75.0,58,91.0,78.0,76.0,176.0,150,68.0,32.0,95,3628,The Lamentations of Jeremiah,King James Bible
26,388.0,573,701.0,762.0,491.0,1242.0,1614,470.0,183.0,1177,42220,The Book of the Prophet Ezekiel,King James Bible
27,114.0,196,69.0,169.0,170.0,211.0,578,79.0,53.0,300,12485,The Book of Daniel,King James Bible
28,66.0,90,100.0,96.0,96.0,193.0,236,69.0,43.0,148,5539,Hosea,King James Bible
29,32.0,38,56.0,54.0,45.0,96.0,112,41.0,22.0,82,2201,Joel,King James Bible
30,57.0,66,111.0,122.0,53.0,197.0,198,70.0,25.0,137,4582,Amos,King James Bible
31,4.0,14,7.0,10.0,12.0,22.0,29,10.0,4.0,24,711,Obadiah,King James Bible
32,18.0,37,34.0,42.0,28.0,59.0,83,26.0,9.0,56,1441,Jonah,King James Bible
33,40.0,54,79.0,67.0,56.0,133.0,146,52.0,23.0,113,3363,Micah,King James Bible
34,19.0,15,29.0,36.0,9.0,66.0,45,21.0,5.0,25,1377,Nahum,King James Bible
35,27.0,33,40.0,43.0,29.0,75.0,74,32.0,14.0,45,1596,Habakkuk,King James Bible
36,39.0,26,57.0,41.0,29.0,94.0,91,34.0,12.0,67,1735,Zephaniah,King James Bible
37,8.0,20,39.0,10.0,14.0,48.0,76,1.0,2.0,66,1267,Haggai,King James Bible
38,73.0,84,168.0,96.0,97.0,251.0,341,70.0,53.0,252,6923,Zechariah,King James Bible
39,24.0,37,64.0,35.0,33.0,89.0,107,24.0,17.0,109,1933,Malachi,King James Bible
40,215.0,461,256.0,317.0,390.0,599.0,914,317.0,197.0,671,25982,The Gospel According to Saint Matthew,King James Bible
41,112.0,258,156.0,180.0,200.0,331.0,496,178.0,90.0,322,16623,The Gospel According to Saint Mark,King James Bible
42,208.0,488,246.0,334.0,480.0,589.0,972,285.0,176.0,701,28388,The Gospel According to Saint Luke,King James Bible
43,132.0,265,144.0,203.0,251.0,307.0,597,193.0,114.0,589,21046,The Gospel According to Saint John,King James Bible
44,179.0,499,202.0,395.0,386.0,525.0,1015,229.0,147.0,744,26216,The Acts of the Apostles,King James Bible
45,147.0,353,174.0,292.0,352.0,296.0,618,153.0,113.0,515,10231,The Epistle of Paul the Apostle to the Romans,King James Bible
46,66.0,224,110.0,171.0,233.0,228.0,502,66.0,63.0,356,10281,The First Epistle of Paul the Apostle to the Corinthians,King James Bible
47,52.0,189,81.0,145.0,214.0,166.0,385,68.0,43.0,278,6582,The Second Epistle of Paul the Apostle to the Corinthians,King James Bible
48,28.0,90,35.0,70.0,92.0,70.0,168,34.0,19.0,160,3343,The Epistle of Paul the Apostle to the Galatians,King James Bible
49,34.0,95,45.0,56.0,109.0,77.0,220,28.0,28.0,159,3279,The Epistle of Paul the Apostle to the Ephesians,King James Bible
50,17.0,75,33.0,48.0,91.0,51.0,155,25.0,27.0,118,2364,The Epistle of Paul the Apostle to the Philippians,King James Bible
51,15.0,58,23.0,42.0,59.0,43.0,128,14.0,16.0,105,2166,The Epistle of Paul the Apostle to the Colossians,King James Bible
52,15.0,81,33.0,57.0,84.0,51.0,156,12.0,20.0,124,1978,The First Epistle of Paul the Apostle to the Thessalonians,King James Bible
53,10.0,39,29.0,32.0,38.0,47.0,93,12.0,9.0,78,1105,The Second Epistle of Paul the Apostle to the Thessalonians,King James Bible
54,38.0,89,26.0,57.0,97.0,81.0,183,32.0,40.0,144,2461,The First Epistle of Paul the Apostle to Timothy,King James Bible
55,19.0,62,28.0,36.0,56.0,70.0,135,20.0,13.0,98,1826,The Second Epistle of Paul the Apostle to Timothy,King James Bible
56,17.0,43,14.0,28.0,51.0,36.0,88,9.0,17.0,67,1009,The Epistle of Paul the Apostle to Titus,King James Bible
57,2.0,9,8.0,5.0,15.0,10.0,33,4.0,1.0,24,478,The Epistle of Paul the Apostle to Philemon,King James Bible
58,55.0,228,71.0,155.0,218.0,153.0,458,89.0,56.0,361,7390,The Epistle of Paul the Apostle to the Hebrews,King James Bible
59,34.0,86,43.0,53.0,87.0,83.0,156,37.0,28.0,129,2521,The General Epistle of James,King James Bible
60,37.0,104,41.0,74.0,104.0,81.0,196,33.0,30.0,132,2717,The First Epistle General of Peter,King James Bible
61,23.0,43,34.0,40.0,38.0,73.0,94,31.0,12.0,66,1652,The Second General Epistle of Peter,King James Bible
62,41.0,69,36.0,93.0,99.0,53.0,156,34.0,12.0,117,2688,The First Epistle General of John,King James Bible
63,2.0,5,4.0,6.0,11.0,4.0,24,2.0,1.0,23,326,The Second Epistle General of John,King James Bible
64,5.0,8,3.0,5.0,12.0,4.0,17,3.0,2.0,13,322,The Third Epistle General of John,King James Bible
65,15.0,17,17.0,23.0,16.0,39.0,43,17.0,5.0,29,669,The General Epistle of Jude,King James Bible
66,163.0,314,95.0,321.0,331.0,298.0,602,147.0,142.0,482,12877,The Revelation of Saint John the Devine,King James Bible
1,43.0,35,20.0,50.0,32.0,74.0,61,35.0,21.0,31,1275,ArjunVishad,Gita
2,49.0,61,23.0,64.0,67.0,109.0,167,54.0,28.0,90,2482,SankhyaYog,Gita
3,26.0,28,26.0,28.0,36.0,69.0,88,25.0,16.0,42,1361,KarmaYog,Gita
4,12.0,37,15.0,25.0,46.0,46.0,111,20.0,13.0,73,1447,Jnana Yog,Gita
5,8.0,31,9.0,14.0,33.0,26.0,72,8.0,10.0,47,1011,Karmasanyasayog,Gita
6,14.0,44,10.0,25.0,51.0,34.0,94,18.0,14.0,60,1461,Atmasanyamayog,Gita
7,6.0,32,10.0,18.0,34.0,28.0,64,6.0,13.0,44,1056,Vijnanayog,Gita
8,7.0,23,13.0,18.0,18.0,20.0,40,14.0,11.0,26,929,Aksharaparabrahmayog,Gita
9,15.0,45,18.0,27.0,47.0,35.0,83,22.0,15.0,49,1256,Rajavidyarajaguhyayog,Gita
10,9.0,40,14.0,17.0,42.0,26.0,99,17.0,18.0,59,1371,Vibhuti Yog,Gita
11,48.0,86,41.0,86.0,95.0,105.0,184,50.0,38.0,109,2778,Viswarupadarsanam,Gita
12,9.0,27,11.0,18.0,40.0,31.0,55,12.0,10.0,42,668,Bhaktiyog,Gita
13,13.0,19,17.0,23.0,16.0,30.0,62,17.0,8.0,26,1178,Kshetrakshetrajnavibhagayog,Gita
14,8.0,31,11.0,14.0,32.0,43.0,51,17.0,11.0,34,835,Gunatrayavibhagayog,Gita
15,8.0,25,9.0,12.0,21.0,21.0,47,6.0,14.0,24,806,Purushottamapraptiyog,Gita
16,31.0,27,20.0,39.0,35.0,58.0,62,28.0,8.0,42,865,Daivasarasaupadwibhagayog,Gita
17,19.0,46,14.0,26.0,52.0,33.0,72,25.0,19.0,52,844,Sraddhatrayavibhagayog,Gita
18,44.0,65,42.0,68.0,90.0,113.0,211,56.0,31.0,112,3231,Mokshasanyasayog,Gita
1,89.0,237,46.0,105.0,241.0,150.0,448,79.0,108.0,214,8217,SECTION I,Mahabharata
2,159.0,170,70.0,169.0,150.0,245.0,345,110.0,74.0,200,9169,SECTION II,Mahabharata
3,53.0,139,56.0,76.0,123.0,166.0,275,90.0,59.0,149,6543,SECTION III,Mahabharata
4,0.0,6,1.0,2.0,4.0,3.0,17,0.0,1.0,8,368,SECTION IV,Mahabharata
5,9.0,18,3.0,18.0,27.0,16.0,45,5.0,7.0,28,939,SECTION V,Mahabharata
6,8.0,11,3.0,11.0,12.0,16.0,18,10.0,3.0,11,437,SECTION VI,Mahabharata
7,12.0,12,14.0,23.0,12.0,29.0,29,18.0,9.0,15,959,SECTION VII,Mahabharata
8,12.0,21,16.0,19.0,18.0,19.0,42,12.0,6.0,19,696,SECTION VIII,Mahabharata
9,10.0,14,8.0,11.0,18.0,22.0,29,11.0,0.0,20,694,SECTION IX,Mahabharata
10,7.0,5,8.0,16.0,4.0,21.0,7,5.0,4.0,4,274,SECTION X,Mahabharata
11,8.0,7,6.0,11.0,8.0,14.0,19,6.0,6.0,11,464,SECTION XI,Mahabharata
12,2.0,1,0.0,3.0,0.0,7.0,2,4.0,0.0,5,161,SECTION XII,Mahabharata
13,6.0,16,8.0,15.0,23.0,16.0,39,7.0,7.0,22,823,SECTION XIII,Mahabharata
14,1.0,1,0.0,2.0,3.0,3.0,7,1.0,0.0,4,195,SECTION XIV,Mahabharata
15,4.0,7,2.0,4.0,3.0,9.0,9,6.0,1.0,5,324,SECTION XV,Mahabharata
16,8.0,16,7.0,8.0,17.0,21.0,34,11.0,5.0,16,577,SECTION XVI,Mahabharata
17,1.0,9,1.0,4.0,8.0,5.0,13,2.0,2.0,2,315,SECTION XVII,Mahabharata
18,16.0,22,9.0,19.0,13.0,28.0,38,14.0,5.0,18,1008,SECTION XVIII,Mahabharata
19,25.0,17,12.0,23.0,12.0,33.0,25,13.0,5.0,14,871,SECTION XIX,Mahabharata
20,13.0,10,8.0,11.0,6.0,17.0,13,11.0,4.0,10,464,SECTION XX,Mahabharata
21,12.0,4,9.0,13.0,8.0,22.0,22,12.0,5.0,11,543,SECTION XXI,Mahabharata
22,5.0,1,3.0,6.0,2.0,11.0,12,5.0,0.0,2,336,SECTION XXII,Mahabharata
23,20.0,46,13.0,28.0,50.0,34.0,80,49.0,44.0,24,1054,SECTION XXIII,Mahabharata
24,8.0,8,6.0,13.0,1.0,22.0,11,6.0,2.0,8,592,SECTION XXIV,Mahabharata
25,8.0,30,8.0,13.0,33.0,15.0,45,33.0,30.0,17,607,SECTION XXV,Mahabharata
26,6.0,1,0.0,5.0,3.0,8.0,7,4.0,4.0,2,241,SECTION XXVI,Mahabharata
27,4.0,7,4.0,6.0,8.0,10.0,27,7.0,3.0,13,508,SECTION XXVII,Mahabharata
28,11.0,12,8.0,10.0,14.0,22.0,26,10.0,6.0,15,672,SECTION XXVIII,Mahabharata
29,1.0,2,2.0,1.0,5.0,5.0,9,2.0,1.0,9,268,SECTION XXIX,Mahabharata
30,20.0,20,10.0,19.0,25.0,32.0,42,12.0,6.0,34,972,"I. But, father, I do not always obtain plenty of food, for which my peace",Mahabharata
31,35.0,27,21.0,40.0,19.0,56.0,49,28.0,14.0,34,1416,SECTION XXX,Mahabharata
32,5.0,14,12.0,13.0,17.0,23.0,40,10.0,6.0,28,1030,SECTION XXXI,Mahabharata
33,10.0,6,3.0,15.0,8.0,22.0,28,6.0,4.0,14,694,SECTION XXXII,Mahabharata
34,15.0,11,9.0,14.0,13.0,21.0,21,10.0,5.0,17,732,SECTION XXXIII,Mahabharata
35,5.0,14,6.0,7.0,17.0,17.0,38,9.0,5.0,21,784,SECTION XXXIV,Mahabharata
36,4.0,2,1.0,6.0,3.0,8.0,6,3.0,0.0,4,389,SECTION XXXV,Mahabharata
37,6.0,14,15.0,13.0,15.0,22.0,39,9.0,4.0,25,824,SECTION XXXVI,Mahabharata
38,14.0,14,8.0,20.0,15.0,32.0,38,16.0,5.0,24,860,SECTION XXXVII,Mahabharata
39,14.0,9,10.0,15.0,7.0,21.0,19,9.0,2.0,9,543,SECTION XXXVIII,Mahabharata
40,6.0,11,9.0,11.0,7.0,20.0,25,9.0,0.0,12,385,SECTION XXXIX,Mahabharata
41,10.0,13,5.0,11.0,15.0,28.0,35,5.0,5.0,22,888,SECTION XL,Mahabharata
42,25.0,16,24.0,28.0,10.0,43.0,50,19.0,3.0,26,768,SECTION XLI,Mahabharata
43,26.0,30,16.0,26.0,24.0,38.0,71,27.0,13.0,36,1191,SECTION XLII,Mahabharata
44,18.0,19,24.0,16.0,18.0,41.0,49,12.0,13.0,19,1001,SECTION XLIII,Mahabharata
45,4.0,10,4.0,7.0,16.0,10.0,33,7.0,6.0,11,419,SECTION XLIV,Mahabharata
46,8.0,23,13.0,19.0,22.0,31.0,40,28.0,7.0,18,965,SECTION XLV,Mahabharata
47,9.0,10,6.0,12.0,9.0,19.0,19,7.0,4.0,10,659,SECTION XLVI,Mahabharata
48,26.0,21,13.0,24.0,25.0,46.0,65,19.0,13.0,41,1221,SECTION XLVII,Mahabharata
49,6.0,14,10.0,9.0,19.0,18.0,43,7.0,2.0,19,651,SECTION XLVIII,Mahabharata
50,8.0,15,5.0,8.0,15.0,16.0,42,6.0,8.0,32,860,SECTION XLIX,Mahabharata
51,43.0,24,41.0,37.0,16.0,68.0,45,31.0,10.0,38,1465,SECTION L,Mahabharata
52,3.0,3,7.0,7.0,6.0,11.0,27,2.0,3.0,13,444,SECTION LI,Mahabharata
53,5.0,2,3.0,8.0,2.0,16.0,7,13.0,1.0,6,262,SECTION LII,Mahabharata
54,8.0,5,6.0,17.0,6.0,24.0,25,15.0,0.0,7,657,SECTION LIII,Mahabharata
55,18.0,14,8.0,19.0,16.0,34.0,40,17.0,7.0,20,854,SECTION LIV,Mahabharata
56,2.0,18,6.0,12.0,23.0,13.0,45,18.0,17.0,15,704,SECTION LV,Mahabharata
57,9.0,12,8.0,10.0,10.0,22.0,41,6.0,1.0,11,862,SECTION LVI,Mahabharata
58,8.0,2,11.0,19.0,2.0,23.0,8,19.0,0.0,7,604,SECTION LVII,Mahabharata
59,11.0,11,5.0,14.0,23.0,22.0,45,6.0,9.0,11,892,SECTION LVIII,Mahabharata
60,0.0,3,0.0,0.0,4.0,1.0,9,1.0,4.0,3,271,SECTION LIX,Mahabharata
61,4.0,3,2.0,2.0,5.0,6.0,32,0.0,1.0,8,600,SECTION LX,Mahabharata
62,29.0,20,15.0,42.0,22.0,48.0,52,26.0,8.0,30,1557,SECTION LXI,Mahabharata
63,15.0,22,8.0,26.0,41.0,28.0,85,10.0,13.0,56,1417,SECTION LXII,Mahabharata
64,32.0,69,28.0,46.0,87.0,47.0,203,26.0,22.0,91,3551,SECTION LXIII,Mahabharata
65,16.0,21,17.0,18.0,21.0,35.0,65,11.0,10.0,38,1587, SECTION LXIV,Mahabharata
66,2.0,16,0.0,5.0,23.0,3.0,40,1.0,10.0,22,1396,SECTION LXV,Mahabharata
67,12.0,22,11.0,21.0,33.0,22.0,77,9.0,4.0,40,2195,SECTION LXVI,Mahabharata
68,49.0,42,16.0,56.0,79.0,49.0,226,15.0,18.0,93,4285,SECTION LXVII,Mahabharata
69,6.0,5,4.0,8.0,8.0,10.0,20,4.0,1.0,12,462,SECTION LXVIII,Mahabharata
70,21.0,13,6.0,23.0,11.0,33.0,39,14.0,10.0,11,863,SECTION LXIX,Mahabharata
71,14.0,17,10.0,26.0,33.0,33.0,82,14.0,12.0,33,1483,SECTION LXX,Mahabharata
72,16.0,28,6.0,30.0,36.0,28.0,70,12.0,14.0,28,1294,SECTION LXXI,Mahabharata
73,3.0,12,4.0,11.0,12.0,11.0,24,2.0,3.0,13,549,SECTION LXXII,Mahabharata
74,4.0,9,3.0,9.0,17.0,10.0,37,3.0,2.0,25,988,SECTION LXXIII,Mahabharata
75,43.0,92,52.0,67.0,124.0,110.0,229,55.0,41.0,138,3941,SECTION LXXIV,Mahabharata
76,14.0,30,10.0,19.0,38.0,23.0,78,12.0,16.0,41,1611,SECTION LXXV,Mahabharata
77,33.0,53,24.0,37.0,47.0,59.0,89,36.0,25.0,49,2473,SECTION LXXVI,Mahabharata
78,7.0,25,3.0,14.0,37.0,13.0,59,18.0,12.0,34,729,SECTION LXXVII,Mahabharata
79,16.0,26,8.0,13.0,41.0,37.0,61,25.0,19.0,24,1290,SECTION LXXVIII,Mahabharata
80,12.0,11,8.0,11.0,12.0,19.0,22,6.0,5.0,12,402,SECTION LXXIX,Mahabharata
81,6.0,14,5.0,5.0,23.0,15.0,40,8.0,9.0,22,844,SECTION LXXX,Mahabharata
82,10.0,21,10.0,11.0,25.0,22.0,61,9.0,10.0,22,1127,SECTION LXXXI,Mahabharata
83,8.0,28,8.0,9.0,33.0,20.0,62,16.0,10.0,27,865,SECTION LXXXII,Mahabharata
84,17.0,28,7.0,19.0,36.0,32.0,80,20.0,15.0,40,1273,SECTION LXXXIII,Mahabharata
85,21.0,32,7.0,22.0,34.0,23.0,51,14.0,22.0,13,986,SECTION LXXXIV,Mahabharata
86,13.0,23,5.0,17.0,25.0,8.0,55,11.0,14.0,28,1108,SECTION LXXXV,Mahabharata
87,1.0,8,3.0,2.0,7.0,3.0,25,2.0,3.0,11,514,SECTION LXXXVI,Mahabharata
88,15.0,9,7.0,9.0,7.0,21.0,25,8.0,3.0,8,467,SECTION LXXXVII,Mahabharata
89,6.0,9,3.0,8.0,16.0,16.0,28,19.0,10.0,15,531,SECTION LXXXVIII,Mahabharata
90,13.0,10,19.0,28.0,17.0,39.0,51,29.0,1.0,24,991,SECTION LXXXIX,Mahabharata
91,18.0,13,12.0,24.0,14.0,41.0,52,26.0,7.0,18,1161,SECTION XC,Mahabharata
92,5.0,14,8.0,11.0,24.0,12.0,39,9.0,3.0,21,753,SECTION XCI,Mahabharata
93,3.0,24,4.0,10.0,24.0,19.0,64,21.0,10.0,17,898,SECTION XCII,Mahabharata
94,5.0,22,6.0,7.0,22.0,13.0,53,7.0,7.0,34,1008,SECTION XCIII,Mahabharata
95,16.0,10,9.0,20.0,31.0,18.0,67,11.0,5.0,36,1632,SECTION XCIV,Mahabharata
96,14.0,33,15.0,16.0,54.0,35.0,106,19.0,11.0,39,2483,SECTION XCV,Mahabharata
97,6.0,6,1.0,8.0,8.0,11.0,21,6.0,2.0,11,685,SECTION XCVI,Mahabharata
98,8.0,30,4.0,8.0,35.0,14.0,61,4.0,10.0,31,972,SECTION XCVII,Mahabharata
99,4.0,11,2.0,5.0,25.0,10.0,46,9.0,4.0,18,726,SECTION XCVIII,Mahabharata
100,21.0,19,8.0,26.0,37.0,31.0,60,13.0,7.0,31,1207,SECTION XCIX,Mahabharata
101,28.0,72,15.0,46.0,92.0,48.0,194,33.0,29.0,97,3039,SECTION C,Mahabharata
102,4.0,1,3.0,4.0,7.0,7.0,23,1.0,1.0,14,358,SECTION CI,Mahabharata
103,34.0,21,9.0,25.0,32.0,39.0,79,10.0,13.0,33,1891,SECTION CII,Mahabharata
104,15.0,15,4.0,17.0,23.0,27.0,49,18.0,7.0,41,727,SECTION CIII,Mahabharata
105,27.0,25,11.0,25.0,26.0,42.0,69,20.0,6.0,32,1525,SECTION CIV,Mahabharata
106,15.0,38,9.0,28.0,43.0,34.0,99,32.0,14.0,59,1533,SECTION CV,Mahabharata
107,15.0,22,5.0,16.0,26.0,26.0,55,10.0,0.0,24,893,SECTION CVI,Mahabharata
108,7.0,15,6.0,11.0,12.0,17.0,21,7.0,5.0,16,443,SECTION CVII,Mahabharata
109,12.0,17,8.0,19.0,18.0,15.0,36,9.0,3.0,32,612,SECTION CVIII,Mahabharata
110,8.0,13,6.0,10.0,17.0,11.0,48,7.0,4.0,28,695,SECTION CIX,Mahabharata
111,3.0,11,1.0,2.0,20.0,7.0,37,6.0,4.0,16,467,SECTION CX,Mahabharata
112,9.0,25,7.0,16.0,28.0,19.0,60,9.0,9.0,36,926,SECTION CXI,Mahabharata
113,4.0,5,2.0,5.0,13.0,6.0,27,0.0,4.0,12,335,SECTION CXII,Mahabharata
114,12.0,20,5.0,16.0,34.0,19.0,78,12.0,11.0,34,1244,SECTION CXIII,Mahabharata
115,2.0,5,2.0,5.0,13.0,7.0,17,3.0,2.0,10,364,SECTION CXIV,Mahabharata
116,13.0,17,7.0,21.0,19.0,31.0,55,15.0,9.0,19,1127,SECTION CXV,Mahabharata
117,2.0,10,5.0,6.0,18.0,6.0,33,3.0,1.0,10,554,SECTION CXVI,Mahabharata
118,2.0,3,1.0,2.0,2.0,1.0,8,1.0,0.0,2,328,SECTION CXVII,Mahabharata
119,25.0,33,23.0,32.0,26.0,44.0,60,33.0,13.0,31,1146,SECTION CXVIII,Mahabharata
120,16.0,25,14.0,22.0,25.0,48.0,66,23.0,7.0,33,1416,SECTION CXIX,Mahabharata
121,16.0,30,16.0,26.0,27.0,44.0,59,31.0,13.0,28,1377,SECTION CXX,Mahabharata
122,15.0,12,22.0,18.0,25.0,31.0,55,22.0,8.0,35,1047,SECTION CXXI,Mahabharata
123,19.0,25,13.0,18.0,31.0,31.0,80,12.0,11.0,53,1304,SECTION CXXII,Mahabharata
124,20.0,60,19.0,35.0,74.0,41.0,133,22.0,20.0,58,2105,SECTION CXXIII,Mahabharata
125,6.0,25,7.0,14.0,26.0,15.0,60,8.0,4.0,27,982,SECTION CXXIV,Mahabharata
126,12.0,12,15.0,15.0,11.0,31.0,39,16.0,8.0,15,886,SECTION CXXV,Mahabharata
127,3.0,14,2.0,8.0,12.0,10.0,38,7.0,2.0,21,875,SECTION CXXVI,Mahabharata
128,3.0,11,3.0,13.0,18.0,14.0,36,20.0,10.0,17,721,SECTION CXXVII,Mahabharata
129,17.0,31,11.0,27.0,35.0,40.0,76,25.0,12.0,41,1558,SECTION CXXVIII,Mahabharata
130,23.0,18,10.0,25.0,26.0,34.0,56,22.0,6.0,29,997,SECTION CXXIX,Mahabharata
131,5.0,8,1.0,8.0,7.0,10.0,27,3.0,0.0,11,601,SECTION CXXX,Mahabharata
132,4.0,23,2.0,10.0,28.0,8.0,73,4.0,2.0,27,1230,SECTION CXXXI,Mahabharata
133,7.0,4,5.0,7.0,21.0,12.0,30,4.0,3.0,20,405,SECTION CXXXII,Mahabharata
134,12.0,39,7.0,19.0,63.0,39.0,96,21.0,12.0,55,1931,SECTION CXXXIII,Mahabharata
135,33.0,37,15.0,28.0,46.0,48.0,100,16.0,20.0,50,2317,SECTION CXXXIV,Mahabharata
136,13.0,14,8.0,17.0,11.0,18.0,16,6.0,9.0,13,591,SECTION CXXXV,Mahabharata
137,8.0,17,0.0,7.0,27.0,11.0,59,4.0,6.0,27,921,SECTION CXXXVI,Mahabharata
138,12.0,13,1.0,10.0,17.0,16.0,37,4.0,11.0,25,944,SECTION CXXXVII,Mahabharata
139,21.0,21,5.0,19.0,21.0,20.0,51,6.0,13.0,24,1165,SECTION CXXXVIII,Mahabharata
140,13.0,18,5.0,14.0,19.0,18.0,30,8.0,9.0,18,708,SECTION CXXXIX,Mahabharata
141,64.0,19,23.0,53.0,26.0,83.0,65,20.0,14.0,28,2060,SECTION CXL,Mahabharata
142,8.0,9,2.0,10.0,10.0,9.0,34,1.0,5.0,26,788,SECTION CXLI,Mahabharata
143,101.0,60,47.0,104.0,69.0,141.0,170,68.0,41.0,91,3482,SECTION CXLII,Mahabharata
144,21.0,18,19.0,28.0,14.0,45.0,48,18.0,11.0,30,1121,SECTION CXLIII,Mahabharata
145,20.0,5,6.0,22.0,4.0,29.0,18,12.0,1.0,15,645,SECTION CXLIV,Mahabharata
146,2.0,11,1.0,2.0,11.0,4.0,21,1.0,3.0,10,434,SECTION CXLV,Mahabharata
147,7.0,4,4.0,10.0,6.0,14.0,16,4.0,2.0,10,465,SECTION CXLVI,Mahabharata
148,13.0,6,4.0,19.0,9.0,27.0,38,13.0,4.0,19,1003,SECTION CXLVII,Mahabharata
149,16.0,15,14.0,19.0,13.0,26.0,26,12.0,8.0,16,905,SECTION CXLVIII,Mahabharata
150,8.0,8,6.0,8.0,12.0,16.0,20,9.0,7.0,19,519,SECTION CXLIX,Mahabharata
151,12.0,16,11.0,16.0,10.0,26.0,18,14.0,4.0,9,578,SECTION CL,Mahabharata
152,6.0,10,0.0,5.0,9.0,8.0,15,3.0,2.0,12,445,SECTION CLI,Mahabharata
153,15.0,11,18.0,20.0,6.0,35.0,21,22.0,9.0,13,725,SECTION CLII,Mahabharata
154,27.0,32,17.0,35.0,36.0,48.0,49,36.0,15.0,43,1255,SECTION CLIII,Mahabharata
155,24.0,24,22.0,28.0,34.0,34.0,55,15.0,9.0,29,1024,SECTION CLIV,Mahabharata
156,43.0,18,27.0,42.0,15.0,61.0,39,26.0,12.0,13,1271,SECTION CLV,Mahabharata
157,37.0,16,10.0,33.0,23.0,44.0,39,20.0,8.0,22,983,SECTION CLVI,Mahabharata
158,21.0,27,9.0,21.0,33.0,24.0,59,11.0,10.0,33,1236,SECTION CLVII,Mahabharata
159,9.0,11,3.0,10.0,21.0,10.0,37,9.0,6.0,23,594,SECTION CLVIII,Mahabharata
160,19.0,41,14.0,38.0,47.0,51.0,69,44.0,14.0,44,1187,SECTION CLIX,Mahabharata
161,11.0,24,12.0,28.0,32.0,42.0,68,26.0,14.0,41,1085,SECTION CLX,Mahabharata
162,6.0,14,3.0,20.0,22.0,35.0,37,24.0,3.0,30,744,SECTION CLXI,Mahabharata
163,8.0,10,10.0,16.0,11.0,24.0,21,10.0,2.0,17,506,SECTION CLXII,Mahabharata
164,17.0,6,11.0,24.0,12.0,24.0,24,20.0,9.0,13,627,SECTION CLXIII,Mahabharata
165,8.0,23,4.0,15.0,27.0,27.0,38,16.0,8.0,26,796,SECTION CLXIV,Mahabharata
166,29.0,10,15.0,30.0,23.0,33.0,33,11.0,6.0,22,713,SECTION CLXV,Mahabharata
167,6.0,11,5.0,17.0,15.0,15.0,25,7.0,9.0,14,527,SECTION CLXVI,Mahabharata
168,1.0,4,0.0,6.0,7.0,5.0,16,2.0,3.0,6,371,SECTION CLXVII,Mahabharata
169,8.0,16,5.0,8.0,16.0,19.0,42,6.0,6.0,18,906,SECTION CLXVIII,Mahabharata
170,22.0,31,10.0,29.0,31.0,52.0,86,20.0,11.0,27,1779,SECTION CLXIX,Mahabharata
171,4.0,8,1.0,3.0,9.0,5.0,14,4.0,5.0,11,281,SECTION CLXX,Mahabharata
172,1.0,9,2.0,6.0,13.0,9.0,34,3.0,1.0,15,537,SECTION CLXXI,Mahabharata
173,37.0,37,10.0,37.0,51.0,52.0,103,12.0,12.0,58,2441,SECTION CLXXII,Mahabharata
174,7.0,26,2.0,11.0,37.0,9.0,82,5.0,8.0,32,1110,SECTION CLXXIII,Mahabharata
175,11.0,10,5.0,12.0,15.0,17.0,31,8.0,6.0,12,726,SECTION CLXXIV,Mahabharata
176,20.0,20,12.0,21.0,24.0,24.0,61,10.0,9.0,32,1117,SECTION CLXXV,Mahabharata
177,6.0,13,7.0,13.0,14.0,20.0,27,10.0,3.0,12,635,Section CLXXVII,Mahabharata
178,17.0,23,8.0,23.0,24.0,38.0,53,17.0,16.0,24,1284,SECTION CLXXVI,Mahabharata
179,21.0,17,16.0,24.0,19.0,47.0,56,18.0,7.0,22,1358,SECTION CLXXVIII,Mahabharata
180,27.0,21,16.0,36.0,17.0,48.0,55,21.0,8.0,15,1325,SECTION CLXXIX,Mahabharata
181,11.0,17,6.0,18.0,20.0,24.0,33,13.0,3.0,30,815,SECTION CLXXX,Mahabharata
182,15.0,14,7.0,15.0,14.0,21.0,22,11.0,5.0,6,656,SECTION CLXXXI,Mahabharata
183,21.0,14,7.0,22.0,17.0,30.0,29,13.0,5.0,21,698,SECTION CLXXXII,Mahabharata
184,14.0,17,7.0,17.0,16.0,17.0,25,10.0,9.0,17,610,SECTION CLXXXIII,Mahabharata
185,24.0,11,17.0,24.0,10.0,35.0,32,22.0,4.0,10,712,SECTION CLXXXIV,Mahabharata
186,1.0,7,1.0,4.0,11.0,2.0,25,2.0,3.0,17,367,SECTION CLXXXV,Mahabharata
187,6.0,15,4.0,9.0,19.0,8.0,35,6.0,7.0,16,561,SECTION CLXXXVI,Mahabharata
188,5.0,6,1.0,5.0,13.0,8.0,43,1.0,2.0,12,1037,SECTION CLXXXVII,Mahabharata
189,9.0,3,2.0,9.0,11.0,1.0,18,0.0,1.0,11,460,SECTION CLXXXVIII,Mahabharata
190,9.0,16,5.0,14.0,25.0,19.0,56,14.0,10.0,26,1012,SECTION CLXXXIX,Mahabharata
191,13.0,13,8.0,14.0,23.0,27.0,36,14.0,12.0,15,824,SECTION CLXL,Mahabharata
192,28.0,18,13.0,24.0,24.0,29.0,44,10.0,13.0,25,822,SECTION CLXLI,Mahabharata
193,41.0,24,10.0,31.0,29.0,46.0,53,12.0,19.0,26,1260,SECTION CLXLII,Mahabharata
194,9.0,19,5.0,17.0,21.0,21.0,50,7.0,9.0,19,961,SECTION CLXLIII,Mahabharata
195,5.0,11,1.0,10.0,13.0,8.0,29,5.0,3.0,10,638,SECTION CLXLIV,Mahabharata
196,13.0,21,2.0,19.0,27.0,17.0,72,10.0,14.0,29,1153,SECTION CLXLV,Mahabharata
197,3.0,9,2.0,7.0,12.0,5.0,31,1.0,2.0,17,527,SECTION CLXLVI,Mahabharata
198,8.0,12,2.0,13.0,19.0,17.0,52,8.0,2.0,15,923,SECTION CLXLVII,Mahabharata
199,9.0,6,5.0,10.0,13.0,15.0,33,7.0,3.0,16,705,SECTION CLXLVIII,Mahabharata
200,32.0,49,20.0,53.0,57.0,57.0,123,26.0,17.0,38,2184,SECTION CLXLIX,Mahabharata
201,5.0,15,2.0,12.0,24.0,7.0,52,2.0,4.0,24,760,SECTION CC,Mahabharata
202,3.0,13,4.0,3.0,20.0,7.0,33,5.0,7.0,15,525,SECTION CCI,Mahabharata
203,17.0,16,9.0,18.0,20.0,31.0,54,8.0,9.0,29,967,SECTION CCII,Mahabharata
204,8.0,11,3.0,7.0,8.0,11.0,20,3.0,4.0,17,610,SECTION CCIII,Mahabharata
205,9.0,12,2.0,11.0,14.0,15.0,37,11.0,4.0,18,729,SECTION CCIV,Mahabharata
206,12.0,12,10.0,15.0,8.0,22.0,26,12.0,3.0,10,552,SECTION CCV,Mahabharata
207,11.0,15,9.0,8.0,17.0,18.0,47,8.0,6.0,27,884,SECTION CCVI,Mahabharata
208,10.0,12,5.0,15.0,15.0,24.0,42,15.0,7.0,29,893,SECTION CCVII,Mahabharata
209,3.0,12,2.0,7.0,23.0,7.0,46,6.0,8.0,32,682,SECTION CCVIII,Mahabharata
210,8.0,17,3.0,14.0,32.0,14.0,74,8.0,9.0,38,1501,SECTION CCIX,Mahabharata
211,3.0,10,1.0,6.0,16.0,7.0,38,0.0,1.0,13,605,SECTION CCX,Mahabharata
212,11.0,20,9.0,15.0,25.0,21.0,44,10.0,8.0,19,1005,SECTION CCXI,Mahabharata
213,18.0,7,12.0,26.0,8.0,28.0,26,21.0,4.0,9,805,SECTION CCXII,Mahabharata
214,5.0,14,4.0,9.0,25.0,9.0,41,4.0,4.0,10,827,SECTION CCXIII,Mahabharata
215,10.0,11,4.0,10.0,24.0,21.0,45,3.0,4.0,21,888,SECTION CCXIV,Mahabharata
216,17.0,12,13.0,22.0,16.0,41.0,51,21.0,7.0,32,967,SECTION CCXV,Mahabharata
217,6.0,20,3.0,17.0,29.0,17.0,66,10.0,13.0,29,1150,SECTION CCXVI,Mahabharata
218,4.0,13,1.0,8.0,20.0,8.0,44,2.0,3.0,13,775,SECTION CCXVII,Mahabharata
219,9.0,11,3.0,12.0,17.0,8.0,26,4.0,7.0,13,625,SECTION CCXVIII,Mahabharata
220,8.0,16,4.0,12.0,27.0,17.0,46,10.0,10.0,28,771,SECTION CCXIX,Mahabharata
221,2.0,17,1.0,3.0,17.0,2.0,25,2.0,8.0,12,558,SECTION CCXX,Mahabharata
222,8.0,14,4.0,7.0,25.0,7.0,32,2.0,8.0,18,648,SECTION CCXXI,Mahabharata
223,19.0,17,7.0,22.0,12.0,31.0,36,9.0,8.0,15,894,SECTION CCXXII,Mahabharata
224,24.0,39,8.0,32.0,67.0,37.0,119,9.0,10.0,56,2360,SECTION CCXXIII,Mahabharata
225,5.0,14,6.0,6.0,29.0,12.0,53,5.0,10.0,19,956,SECTION CCXXIV,Mahabharata
226,23.0,22,15.0,38.0,32.0,58.0,104,29.0,12.0,50,2278,SECTION CCXXV,Mahabharata
227,7.0,8,1.0,6.0,9.0,13.0,15,4.0,2.0,7,426,SECTION CCXXVI,Mahabharata
228,16.0,18,9.0,20.0,26.0,29.0,49,5.0,4.0,22,1085,SECTION CCXXVII,Mahabharata
229,16.0,5,9.0,24.0,3.0,26.0,9,13.0,5.0,3,599,SECTION CCXXVIII,Mahabharata
230,38.0,15,16.0,47.0,18.0,59.0,49,23.0,9.0,18,1394,SECTION CCXXIX,Mahabharata
231,25.0,11,15.0,34.0,12.0,44.0,25,21.0,12.0,13,1193,SECTION CCXXX,Mahabharata
232,13.0,26,10.0,23.0,26.0,25.0,39,22.0,15.0,22,1063,SECTION CCXXXI,Mahabharata
233,11.0,28,8.0,37.0,16.0,36.0,26,24.0,14.0,18,736,SECTION CCXXXII,Mahabharata
234,13.0,19,8.0,24.0,16.0,22.0,22,14.0,14.0,8,598,SECTION CCXXXIII,Mahabharata
235,7.0,31,9.0,16.0,33.0,17.0,56,21.0,20.0,28,900,SECTION CCXXXIV,Mahabharata
236,14.0,27,10.0,26.0,24.0,36.0,36,23.0,7.0,19,978,SECTION CCXXXV,Mahabharata
237,3.0,8,8.0,4.0,10.0,10.0,22,5.0,2.0,11,533,SECTION CCXXXVI,Mahabharata
238,3.0,9,2.0,3.0,10.0,5.0,28,2.0,3.0,14,632,SECTION I,Mahabharata
239,7.0,16,3.0,10.0,23.0,16.0,41,8.0,8.0,26,941,SECTION II,Mahabharata
240,7.0,16,15.0,15.0,25.0,22.0,47,11.0,6.0,26,1060,SECTION III,Mahabharata
241,5.0,9,5.0,5.0,18.0,6.0,46,5.0,4.0,19,954,SECTION IV,Mahabharata
242,71.0,109,37.0,84.0,130.0,109.0,285,50.0,46.0,180,4202,SECTION V,Mahabharata
243,4.0,14,4.0,5.0,12.0,13.0,38,5.0,4.0,20,647,SECTION VI,Mahabharata
244,8.0,26,9.0,20.0,32.0,19.0,61,9.0,9.0,32,889,SECTION VII,Mahabharata
245,6.0,24,4.0,11.0,29.0,12.0,72,7.0,9.0,37,1083,SECTION VIII,Mahabharata
246,4.0,22,4.0,9.0,23.0,13.0,36,5.0,1.0,19,771,SECTION IX,Mahabharata
247,7.0,23,15.0,12.0,31.0,21.0,68,7.0,5.0,32,1018,SECTION X,Mahabharata
248,4.0,25,6.0,13.0,36.0,16.0,81,4.0,7.0,38,1698,SECTION XI,Mahabharata
249,5.0,10,2.0,6.0,24.0,8.0,47,5.0,5.0,24,1066,SECTION XII,Mahabharata
250,20.0,35,12.0,26.0,40.0,39.0,106,17.0,15.0,50,1623,SECTION XIII,Mahabharata
251,39.0,26,23.0,49.0,34.0,51.0,103,22.0,17.0,56,2101,SECTION XIV,Mahabharata
252,14.0,18,8.0,21.0,24.0,29.0,52,9.0,10.0,35,867,SECTION XV,Mahabharata
253,17.0,6,8.0,16.0,8.0,22.0,33,11.0,2.0,15,571,SECTION XVI,Mahabharata
254,35.0,34,24.0,33.0,36.0,49.0,93,19.0,15.0,36,1652,SECTION XVII,Mahabharata
255,6.0,19,2.0,4.0,19.0,8.0,38,2.0,4.0,12,449,SECTION XVIII,Mahabharata
256,12.0,10,10.0,22.0,12.0,26.0,39,14.0,6.0,23,797,SECTION XIX,Mahabharata
257,17.0,17,8.0,14.0,23.0,23.0,50,9.0,6.0,34,911,SECTION XX,Mahabharata
258,10.0,23,4.0,17.0,35.0,21.0,80,6.0,3.0,30,1556,SECTION XXI,Mahabharata
259,36.0,19,20.0,36.0,16.0,48.0,67,26.0,15.0,34,1163,SECTION XXII,Mahabharata
260,25.0,12,8.0,23.0,10.0,35.0,34,13.0,4.0,13,1133,SECTION XXIII,Mahabharata
261,36.0,44,25.0,39.0,41.0,52.0,85,24.0,21.0,44,1812,SECTION XXIV,Mahabharata
262,2.0,5,1.0,9.0,9.0,10.0,16,4.0,2.0,7,400,SECTION XXV,Mahabharata
263,10.0,8,6.0,8.0,9.0,15.0,25,6.0,3.0,11,783,SECTION XXVI,Mahabharata
264,3.0,8,1.0,4.0,14.0,5.0,21,1.0,5.0,13,543,SECTION XXVII,Mahabharata
265,9.0,6,4.0,9.0,11.0,7.0,24,2.0,5.0,9,422,SECTION XXVIII,Mahabharata
266,21.0,12,8.0,16.0,21.0,17.0,46,4.0,8.0,26,752,SECTION XXIX,Mahabharata
267,39.0,70,12.0,50.0,88.0,52.0,175,25.0,38.0,83,2312,SECTION XXX,Mahabharata
268,7.0,8,4.0,9.0,17.0,9.0,31,1.0,7.0,18,566,SECTION XXXI,Mahabharata
269,15.0,25,5.0,11.0,35.0,17.0,66,8.0,9.0,41,1587,SECTION XXXII,Mahabharata
270,3.0,5,2.0,3.0,10.0,3.0,33,1.0,2.0,10,674,SECTION XXXIII,Mahabharata
271,0.0,5,3.0,4.0,18.0,4.0,34,1.0,1.0,23,591,SECTION XXXIV,Mahabharata
272,5.0,14,2.0,4.0,19.0,5.0,47,0.0,6.0,26,933,SECTION XXXV,Mahabharata
273,11.0,17,8.0,18.0,20.0,14.0,58,11.0,8.0,33,945,SECTION XXXVI,Mahabharata
274,9.0,25,7.0,17.0,36.0,15.0,81,5.0,7.0,44,989,SECTION XXXVII,Mahabharata
275,12.0,10,2.0,15.0,16.0,10.0,26,5.0,2.0,20,483,SECTION XXXVIII,Mahabharata
276,13.0,4,3.0,15.0,6.0,14.0,25,3.0,2.0,8,431,SECTION XXXIX,Mahabharata
277,25.0,20,23.0,26.0,34.0,42.0,90,27.0,16.0,57,1250,SECTION XL,Mahabharata
278,22.0,9,11.0,16.0,7.0,27.0,19,10.0,4.0,13,523,SECTION XLI,Mahabharata
279,18.0,18,4.0,17.0,15.0,33.0,37,15.0,6.0,16,680,SECTION XLII,Mahabharata
280,27.0,14,20.0,25.0,26.0,38.0,48,16.0,5.0,33,1142,SECTION XLIII,Mahabharata
281,49.0,39,23.0,38.0,50.0,60.0,122,25.0,19.0,56,1884,SECTION XLIV,Mahabharata
282,20.0,18,8.0,24.0,14.0,34.0,52,19.0,5.0,27,1004,SECTION XLV,Mahabharata
283,12.0,15,7.0,20.0,13.0,25.0,51,16.0,6.0,12,1011,SECTION XLVI,Mahabharata
284,10.0,9,5.0,9.0,9.0,10.0,29,7.0,7.0,10,619,SECTION XLVII,Mahabharata
285,23.0,30,13.0,33.0,40.0,56.0,103,26.0,8.0,55,1745,SECTION XLVIII,Mahabharata
286,17.0,11,9.0,20.0,22.0,34.0,58,22.0,9.0,29,1129,SECTION XLIX,Mahabharata
287,4.0,10,1.0,4.0,12.0,12.0,55,7.0,2.0,20,1034,SECTION L,Mahabharata
288,6.0,19,5.0,6.0,21.0,15.0,72,8.0,7.0,25,1305,SECTION LI,Mahabharata
289,2.0,12,3.0,8.0,13.0,11.0,50,5.0,5.0,13,802,SECTION LII,Mahabharata
290,8.0,8,10.0,6.0,17.0,15.0,27,9.0,4.0,17,359,SECTION LIII,Mahabharata
291,19.0,21,9.0,19.0,19.0,29.0,44,9.0,8.0,21,718,SECTION LIV,Mahabharata
292,13.0,18,7.0,12.0,14.0,28.0,46,9.0,5.0,17,781,SECTION LV,Mahabharata
293,7.0,3,2.0,5.0,1.0,13.0,8,2.0,1.0,3,151,SECTION LVI,Mahabharata
294,11.0,29,10.0,13.0,30.0,20.0,75,11.0,12.0,27,1332,SECTION LVII,Mahabharata
295,18.0,15,18.0,14.0,18.0,33.0,56,23.0,7.0,23,804,SECTION LVIII,Mahabharata
296,0.0,3,0.0,0.0,11.0,0.0,19,0.0,2.0,8,232,SECTION LIX,Mahabharata
297,12.0,17,6.0,4.0,22.0,17.0,40,5.0,4.0,20,928,SECTION LX,Mahabharata
298,14.0,14,7.0,15.0,8.0,33.0,28,13.0,8.0,11,691,SECTION LXI,Mahabharata
299,11.0,11,8.0,13.0,10.0,19.0,20,9.0,8.0,8,397,SECTION LXII,Mahabharata
300,23.0,16,20.0,18.0,17.0,34.0,46,18.0,10.0,22,880,SECTION LXIII,Mahabharata
301,12.0,24,10.0,12.0,30.0,24.0,70,11.0,10.0,29,1572,SECTION LXIV,Mahabharata
302,23.0,4,10.0,12.0,4.0,33.0,10,16.0,2.0,5,515,SECTION LXV,Mahabharata
303,80.0,53,43.0,69.0,68.0,173.0,234,59.0,26.0,140,4737,SECTION LXVI,Mahabharata
304,11.0,10,5.0,12.0,6.0,23.0,30,9.0,4.0,19,681,SECTION LXVIII,Mahabharata
305,14.0,9,13.0,12.0,11.0,29.0,44,12.0,8.0,26,605,SECTION LXIX,Mahabharata
306,26.0,16,10.0,22.0,22.0,39.0,81,26.0,7.0,23,1358,SECTION LXX,Mahabharata
307,16.0,8,7.0,10.0,7.0,20.0,18,8.0,6.0,10,505,SECTION LXXI,Mahabharata
308,9.0,19,4.0,6.0,23.0,13.0,37,6.0,13.0,28,585,SECTION LXXII,Mahabharata
309,22.0,10,7.0,17.0,10.0,29.0,27,8.0,6.0,18,776,SECTION LXXIII,Mahabharata
310,7.0,5,4.0,7.0,8.0,16.0,24,8.0,3.0,17,411,SECTION LXXIV,Mahabharata
311,12.0,7,2.0,12.0,3.0,19.0,25,8.0,2.0,12,716,SECTION LXXV,Mahabharata
312,51.0,23,21.0,34.0,24.0,73.0,54,22.0,10.0,30,1372,SECTION LXXVI,Mahabharata
313,8.0,9,5.0,14.0,16.0,12.0,32,9.0,6.0,19,728,SECTION LXXVII,Mahabharata
314,13.0,26,13.0,24.0,22.0,45.0,54,39.0,12.0,33,1129,SECTION LXXVIII,Mahabharata
315,31.0,20,7.0,24.0,24.0,46.0,61,26.0,6.0,28,1533,SECTION LXXIX,Mahabharata
316,38.0,22,16.0,36.0,27.0,50.0,60,28.0,13.0,32,1091,SECTION LXXX,Mahabharata
317,22.0,16,18.0,33.0,29.0,47.0,64,37.0,14.0,45,1334,SECTION I,Mahabharata
318,49.0,53,41.0,81.0,91.0,119.0,165,73.0,29.0,96,2651,SECTION II,Mahabharata
319,7.0,66,12.0,25.0,89.0,30.0,144,48.0,39.0,73,2480,SECTION III,Mahabharata
320,11.0,19,6.0,14.0,23.0,18.0,53,11.0,9.0,31,863,SECTION IV,Mahabharata
321,11.0,11,2.0,7.0,10.0,15.0,34,5.0,5.0,15,785,SECTION V,Mahabharata
322,11.0,12,4.0,15.0,12.0,24.0,44,14.0,4.0,23,713,SECTION VI,Mahabharata
323,11.0,16,5.0,13.0,10.0,20.0,39,10.0,3.0,15,695,SECTION VII,Mahabharata
324,10.0,7,8.0,12.0,5.0,15.0,13,10.0,6.0,5,320,SECTION VIII,Mahabharata
325,12.0,13,8.0,19.0,14.0,29.0,36,23.0,8.0,17,698,SECTION IX,Mahabharata
326,25.0,22,10.0,24.0,21.0,36.0,56,15.0,12.0,28,1070,SECTION X,Mahabharata
327,64.0,29,34.0,65.0,29.0,92.0,66,32.0,24.0,34,2003,SECTION XI,Mahabharata
328,105.0,59,63.0,98.0,74.0,139.0,152,81.0,43.0,87,3900,SECTION XII,Mahabharata
329,13.0,8,7.0,12.0,5.0,21.0,13,13.0,6.0,9,494,SECTION XIII,Mahabharata
330,25.0,4,13.0,17.0,8.0,32.0,24,11.0,6.0,13,688,SECTION XIV,Mahabharata
331,11.0,4,3.0,12.0,3.0,14.0,22,4.0,3.0,11,619,SECTION XV,Mahabharata
332,23.0,10,11.0,28.0,24.0,32.0,48,5.0,15.0,38,874,SECTION XVI,Mahabharata
333,36.0,5,10.0,32.0,12.0,35.0,27,7.0,11.0,16,664,SECTION XVII,Mahabharata
334,40.0,8,12.0,36.0,12.0,44.0,31,22.0,12.0,11,1022,SECTION XVIII,Mahabharata
335,19.0,12,11.0,23.0,13.0,29.0,28,11.0,9.0,23,756,SECTION XIX,Mahabharata
336,24.0,11,8.0,21.0,14.0,34.0,27,16.0,7.0,8,1166,SECTION XX,Mahabharata
337,23.0,11,5.0,21.0,14.0,33.0,32,12.0,7.0,21,872,SECTION XXI,Mahabharata
338,46.0,26,18.0,49.0,30.0,63.0,46,24.0,25.0,26,1496,SECTION XXII,Mahabharata
339,3.0,9,1.0,1.0,11.0,5.0,29,3.0,7.0,17,546,SECTION XXIII,Mahabharata
340,7.0,13,3.0,12.0,25.0,5.0,49,3.0,4.0,26,779,SECTION XXIV,Mahabharata
341,16.0,6,10.0,15.0,17.0,14.0,35,7.0,7.0,22,747,SECTION XXV,Mahabharata
342,3.0,9,1.0,2.0,8.0,9.0,23,1.0,0.0,14,700,SECTION XXVI,Mahabharata
343,51.0,19,20.0,38.0,23.0,71.0,54,32.0,9.0,20,1135,SECTION XXVII,Mahabharata
344,21.0,23,12.0,24.0,16.0,42.0,45,13.0,5.0,21,1005,SECTION XXVIII,Mahabharata
345,76.0,29,31.0,54.0,43.0,85.0,93,26.0,6.0,58,1550,SECTION XXIX,Mahabharata
346,25.0,28,26.0,43.0,32.0,55.0,74,32.0,13.0,53,1254,SECTION XXX,Mahabharata
347,12.0,34,15.0,23.0,37.0,40.0,92,21.0,11.0,72,1245,SECTION XXXI,Mahabharata
348,21.0,49,27.0,38.0,45.0,59.0,83,34.0,12.0,51,1904,SECTION XXXII,Mahabharata
349,61.0,46,35.0,64.0,72.0,101.0,194,49.0,28.0,119,2798,SECTION XXXIII,Mahabharata
350,14.0,12,5.0,8.0,15.0,25.0,36,16.0,4.0,19,873,SECTION XXXIV,Mahabharata
351,25.0,36,18.0,39.0,23.0,61.0,63,36.0,14.0,29,1035,SECTION XXXV,Mahabharata
352,27.0,25,5.0,23.0,28.0,31.0,57,9.0,9.0,30,1265,SECTION XXXVI,Mahabharata
353,20.0,45,13.0,22.0,47.0,32.0,76,14.0,23.0,33,1705,SECTION XXXVII,Mahabharata
354,14.0,15,8.0,22.0,17.0,25.0,37,10.0,5.0,17,968,SECTION XXXVIII,Mahabharata
355,51.0,55,24.0,71.0,59.0,80.0,100,44.0,29.0,44,2398,SECTION XXXIX,Mahabharata
356,19.0,17,15.0,22.0,18.0,25.0,32,9.0,5.0,18,875,SECTION XL,Mahabharata
357,24.0,34,10.0,28.0,36.0,37.0,61,11.0,10.0,37,1450,SECTION XLI,Mahabharata
358,7.0,25,4.0,13.0,32.0,14.0,50,11.0,13.0,23,1154,SECTION XLII,Mahabharata
359,7.0,13,9.0,14.0,21.0,17.0,36,8.0,5.0,18,918,SECTION XLIII,Mahabharata
360,6.0,8,4.0,4.0,15.0,8.0,29,9.0,2.0,11,362,SECTION XLIV,Mahabharata
361,4.0,6,3.0,2.0,15.0,9.0,37,0.0,2.0,16,562,SECTION XLV,Mahabharata
362,21.0,37,7.0,28.0,52.0,42.0,92,24.0,17.0,44,1855,SECTION XLVI,Mahabharata
363,17.0,12,10.0,17.0,20.0,21.0,51,9.0,9.0,28,996,SECTION XLVII,Mahabharata
364,15.0,12,7.0,15.0,11.0,26.0,21,15.0,11.0,14,520,SECTION XLVIII,Mahabharata
365,18.0,3,11.0,17.0,6.0,33.0,21,8.0,3.0,15,644,SECTION XLIX,Mahabharata
366,6.0,4,1.0,6.0,7.0,11.0,13,9.0,1.0,7,350,SECTION L,Mahabharata
367,44.0,16,13.0,34.0,18.0,59.0,49,17.0,12.0,22,1389,SECTION LI,Mahabharata
368,37.0,26,21.0,38.0,25.0,65.0,73,45.0,17.0,36,1646,SECTION LII,Mahabharata
369,11.0,11,10.0,13.0,21.0,14.0,56,4.0,8.0,19,946,SECTION LIII,Mahabharata
370,12.0,17,8.0,18.0,28.0,24.0,44,14.0,5.0,19,814,SECTION LIV,Mahabharata
371,2.0,10,2.0,4.0,14.0,10.0,31,1.0,4.0,13,717,SECTION LV,Mahabharata
372,6.0,13,11.0,8.0,22.0,18.0,53,4.0,5.0,32,746,SECTION LVI,Mahabharata
373,3.0,22,9.0,13.0,35.0,20.0,83,7.0,7.0,34,1213,SECTION LVII,Mahabharata
374,7.0,3,6.0,9.0,4.0,14.0,15,5.0,3.0,6,395,SECTION LVIII,Mahabharata
375,6.0,5,5.0,9.0,4.0,14.0,23,7.0,3.0,12,465,SECTION LIX,Mahabharata
376,10.0,8,4.0,7.0,10.0,22.0,31,8.0,2.0,11,599,SECTION LX,Mahabharata
377,20.0,6,8.0,16.0,13.0,41.0,44,22.0,4.0,18,972,SECTION LXI,Mahabharata
378,11.0,15,11.0,12.0,13.0,34.0,29,20.0,8.0,11,796,SECTION LXII,Mahabharata
379,21.0,13,23.0,35.0,13.0,59.0,47,36.0,12.0,20,1003,SECTION LXIII,Mahabharata
380,50.0,77,48.0,83.0,96.0,116.0,223,72.0,45.0,96,3642,SECTION LXIV,Mahabharata
381,50.0,41,35.0,66.0,44.0,102.0,76,58.0,30.0,41,2069,SECTION LXV,Mahabharata
382,21.0,5,20.0,32.0,6.0,39.0,29,12.0,2.0,10,743,SECTION LXVI,Mahabharata
383,9.0,10,11.0,15.0,9.0,20.0,23,19.0,7.0,9,533,SECTION LXVII,Mahabharata
384,10.0,23,16.0,18.0,34.0,34.0,62,29.0,12.0,24,1058,SECTION LXVIII,Mahabharata
385,15.0,27,7.0,22.0,39.0,41.0,74,29.0,12.0,28,1300,SECTION LXIX,Mahabharata
386,19.0,15,14.0,13.0,18.0,34.0,35,23.0,6.0,17,709,SECTION LXX,Mahabharata
387,9.0,15,7.0,12.0,15.0,23.0,49,15.0,7.0,26,993,SECTION LXXI,Mahabharata
388,26.0,25,16.0,20.0,20.0,29.0,54,18.0,15.0,25,1138,SECTION LXXII,Mahabharata
389,3.0,20,3.0,10.0,26.0,11.0,59,7.0,9.0,19,1003,SECTION LXXIII,Mahabharata
390,22.0,10,13.0,17.0,14.0,38.0,42,19.0,5.0,10,812,SECTION LXXIV,Mahabharata
391,4.0,3,1.0,5.0,6.0,15.0,16,7.0,5.0,6,704,SECTION LXXV,Mahabharata
392,18.0,19,17.0,27.0,32.0,56.0,74,33.0,7.0,34,1365,SECTION LXXVI,Mahabharata
393,3.0,9,0.0,2.0,13.0,7.0,33,2.0,4.0,11,494,SECTION LXXVII,Mahabharata
394,10.0,21,2.0,8.0,36.0,17.0,60,5.0,12.0,31,913,SECTION LXXVIII,Mahabharata
395,14.0,14,10.0,19.0,22.0,26.0,48,20.0,4.0,20,778,SECTION LXXIX,Mahabharata
396,13.0,18,5.0,13.0,23.0,20.0,49,8.0,12.0,24,865,SECTION LXXX,Mahabharata
397,3.0,13,1.0,8.0,20.0,9.0,39,9.0,4.0,18,608,SECTION LXXXI,Mahabharata
398,11.0,51,25.0,39.0,74.0,33.0,168,23.0,26.0,83,3700,SECTION LXXXII,Mahabharata
399,31.0,100,31.0,67.0,124.0,75.0,273,53.0,45.0,144,5750,SECTION LXXXIII,Mahabharata
400,23.0,61,29.0,53.0,65.0,66.0,207,44.0,11.0,126,4391,SECTION LXXXIV,Mahabharata
401,19.0,53,22.0,34.0,61.0,35.0,195,31.0,19.0,101,3690,SECTION LXXXV,Mahabharata
402,12.0,22,8.0,19.0,22.0,15.0,38,8.0,7.0,25,665,SECTION LXXXVI,Mahabharata
403,2.0,11,4.0,8.0,18.0,10.0,33,7.0,2.0,11,841,SECTION LXXXVII,Mahabharata
404,5.0,14,6.0,11.0,14.0,13.0,39,3.0,2.0,16,824,SECTION LXXXVIII,Mahabharata
405,5.0,7,6.0,6.0,8.0,10.0,17,3.0,0.0,11,525,SECTION LXXXIX,Mahabharata
406,4.0,13,9.0,14.0,19.0,17.0,52,7.0,7.0,22,937,SECTION XC,Mahabharata
407,8.0,6,4.0,6.0,10.0,13.0,24,5.0,3.0,13,695,SECTION XCI,Mahabharata
408,8.0,16,4.0,7.0,16.0,17.0,42,5.0,7.0,24,725,SECTION XCII,Mahabharata
409,5.0,7,6.0,11.0,17.0,11.0,42,5.0,5.0,22,780,SECTION XCIII,Mahabharata
410,13.0,15,12.0,20.0,23.0,28.0,47,18.0,8.0,19,572,SECTION XCIV,Mahabharata
411,3.0,12,4.0,5.0,17.0,4.0,47,3.0,3.0,27,916,SECTION XCV,Mahabharata
412,14.0,14,8.0,13.0,23.0,20.0,47,4.0,5.0,26,851,SECTION XCVI,Mahabharata
413,6.0,10,10.0,7.0,19.0,23.0,42,7.0,5.0,21,705,SECTION XCVII,Mahabharata
414,3.0,19,4.0,4.0,17.0,22.0,40,10.0,0.0,21,586,SECTION XCVIII,Mahabharata
415,21.0,34,11.0,30.0,44.0,35.0,80,18.0,11.0,34,2091,SECTION XCIX,Mahabharata
416,17.0,9,10.0,19.0,14.0,24.0,26,6.0,5.0,11,716,SECTION C,Mahabharata
417,23.0,9,6.0,21.0,7.0,31.0,28,9.0,4.0,13,713,SECTION CI,Mahabharata
418,17.0,7,12.0,29.0,8.0,34.0,20,16.0,6.0,13,755,SECTION CII,Mahabharata
419,8.0,4,6.0,5.0,6.0,12.0,23,5.0,3.0,11,569,SECTION CIII,Mahabharata
420,11.0,18,3.0,9.0,18.0,14.0,35,2.0,12.0,16,714,SECTION CIV,Mahabharata
421,14.0,14,3.0,13.0,18.0,15.0,36,7.0,5.0,17,597,SECTION CV,Mahabharata
422,8.0,24,5.0,19.0,25.0,17.0,45,7.0,8.0,24,881,SECTION CVI,Mahabharata
423,40.0,33,16.0,38.0,30.0,62.0,98,36.0,20.0,70,2177,SECTION CVII,Mahabharata
424,13.0,23,10.0,18.0,23.0,23.0,49,16.0,8.0,26,927,SECTION CVIII,Mahabharata
425,11.0,14,9.0,13.0,21.0,11.0,52,4.0,7.0,22,631,SECTION CIX,Mahabharata
426,27.0,44,17.0,29.0,50.0,45.0,106,15.0,27.0,59,1939,SECTION CX,Mahabharata
427,3.0,27,4.0,6.0,29.0,16.0,57,12.0,16.0,28,909,SECTION CXI,Mahabharata
428,4.0,10,3.0,5.0,21.0,7.0,37,3.0,11.0,20,727,SECTION CXII,Mahabharata
429,7.0,20,7.0,11.0,20.0,15.0,45,6.0,8.0,20,964,SECTION CXIII,Mahabharata
430,13.0,24,9.0,23.0,33.0,29.0,72,6.0,14.0,39,1113,SECTION CXIV,Mahabharata
431,13.0,44,6.0,24.0,61.0,23.0,99,12.0,18.0,64,1589,SECTION CXV,Mahabharata
432,25.0,23,14.0,26.0,23.0,42.0,46,19.0,12.0,26,987,SECTION CXVI,Mahabharata
433,14.0,11,12.0,22.0,14.0,27.0,34,13.0,7.0,23,616,SECTION CXVII,Mahabharata
434,3.0,17,6.0,8.0,24.0,12.0,62,4.0,7.0,18,934,SECTION CXVIII,Mahabharata
435,21.0,9,18.0,22.0,13.0,44.0,50,22.0,4.0,28,1055,SECTION CXIX,Mahabharata
436,31.0,17,5.0,36.0,18.0,46.0,55,12.0,6.0,31,1473,SECTION CXX,Mahabharata
437,6.0,14,7.0,8.0,18.0,11.0,38,3.0,5.0,20,773,SECTION CXXI,Mahabharata
438,8.0,16,2.0,9.0,22.0,23.0,41,5.0,7.0,19,805,SECTION CXXII,Mahabharata
439,8.0,13,9.0,9.0,26.0,18.0,43,5.0,10.0,8,663,SECTION CXXIII,Mahabharata
440,19.0,13,12.0,22.0,21.0,22.0,51,12.0,10.0,25,895,SECTION CXXIV,Mahabharata
441,14.0,19,11.0,20.0,20.0,21.0,47,8.0,9.0,26,899,SECTION CXXV,Mahabharata
442,18.0,30,17.0,34.0,38.0,37.0,102,19.0,19.0,49,1541,SECTION CXXVI,Mahabharata
443,6.0,8,8.0,11.0,11.0,18.0,32,8.0,8.0,15,706,SECTION CXXVII,Mahabharata
444,9.0,12,9.0,11.0,11.0,18.0,34,17.0,6.0,24,648,SECTION CXXVIII,Mahabharata
445,8.0,10,11.0,10.0,15.0,13.0,40,8.0,5.0,27,758,SECTION CXXIX,Mahabharata
446,5.0,9,5.0,8.0,9.0,15.0,32,8.0,4.0,20,709,SECTION CXXX,Mahabharata
447,7.0,18,14.0,17.0,27.0,31.0,76,11.0,8.0,42,1104,SECTION CXXXI,Mahabharata
448,5.0,11,4.0,8.0,16.0,21.0,47,12.0,4.0,22,818,SECTION CXXXII,Mahabharata
449,9.0,23,9.0,10.0,16.0,19.0,59,7.0,11.0,17,1259,SECTION CXXXIII,Mahabharata
450,20.0,21,14.0,25.0,24.0,40.0,63,19.0,14.0,35,1782,SECTION CXXXIV,Mahabharata
451,29.0,42,19.0,31.0,34.0,64.0,82,30.0,13.0,50,1769,SECTION CXXXV,Mahabharata
452,15.0,7,11.0,18.0,4.0,23.0,13,10.0,1.0,6,534,SECTION CXXXVI,Mahabharata
453,17.0,20,12.0,23.0,11.0,31.0,23,19.0,10.0,13,577,SECTION CXXXVII,Mahabharata
454,11.0,15,6.0,14.0,15.0,19.0,36,13.0,6.0,34,857,SECTION CXXXVIII,Mahabharata
455,4.0,9,4.0,6.0,4.0,9.0,26,2.0,2.0,9,603,SECTION CXXXIX,Mahabharata
456,29.0,35,17.0,29.0,33.0,47.0,77,23.0,16.0,39,1566,SECTION CXL,Mahabharata
457,32.0,30,25.0,37.0,34.0,60.0,77,24.0,11.0,45,1684,SECTION CXLI,Mahabharata
458,10.0,8,5.0,12.0,7.0,14.0,17,3.0,6.0,13,525,SECTION CXLII,Mahabharata
459,8.0,12,9.0,10.0,14.0,25.0,36,15.0,4.0,21,796,SECTION CXLIII,Mahabharata
460,9.0,32,9.0,12.0,46.0,15.0,76,10.0,15.0,42,1376,SECTION CXLIV,Mahabharata
461,54.0,36,22.0,56.0,50.0,66.0,102,19.0,22.0,52,2548,SECTION CXLV,Mahabharata
462,12.0,11,3.0,17.0,16.0,23.0,37,9.0,7.0,26,995,SECTION CXLVI,Mahabharata
463,4.0,8,5.0,4.0,9.0,12.0,21,5.0,3.0,8,563,SECTION CXLVII,Mahabharata
464,14.0,26,10.0,16.0,20.0,31.0,56,16.0,10.0,42,1227,SECTION CXLVIII,Mahabharata
465,18.0,29,17.0,25.0,25.0,40.0,82,15.0,11.0,46,1598,SECTION CXLIX,Mahabharata
466,8.0,14,4.0,7.0,16.0,9.0,25,6.0,8.0,19,512,SECTION CL,Mahabharata
467,2.0,10,1.0,4.0,11.0,3.0,19,3.0,3.0,12,351,SECTION CLI,Mahabharata
468,6.0,7,1.0,9.0,14.0,6.0,25,1.0,1.0,11,444,SECTION CLII,Mahabharata
469,17.0,10,10.0,24.0,11.0,26.0,41,10.0,2.0,29,884,SECTION CLIII,Mahabharata
470,20.0,18,8.0,18.0,14.0,30.0,26,11.0,11.0,13,828,SECTION CLIV,Mahabharata
471,0.0,6,1.0,2.0,6.0,3.0,11,0.0,1.0,5,525,SECTION CLV,Mahabharata
472,42.0,25,22.0,54.0,23.0,80.0,58,28.0,12.0,39,1898,SECTION CLVI,Mahabharata
473,11.0,45,6.0,14.0,46.0,21.0,89,16.0,11.0,43,2242,SECTION CLVII,Mahabharata
474,8.0,15,5.0,13.0,20.0,19.0,32,10.0,5.0,23,806,SECTION CLVIII,Mahabharata
475,39.0,22,17.0,56.0,31.0,62.0,75,18.0,15.0,46,1852,SECTION CLIX,Mahabharata
476,42.0,25,36.0,36.0,36.0,69.0,88,22.0,9.0,59,1646,SECTION CLX,Mahabharata
477,19.0,26,17.0,19.0,27.0,37.0,62,14.0,4.0,38,978,SECTION CLXI,Mahabharata
478,8.0,40,9.0,11.0,39.0,16.0,72,6.0,17.0,37,1031,SECTION CLXII,Mahabharata
479,8.0,25,5.0,9.0,24.0,12.0,36,11.0,8.0,20,632,SECTION CLXIII,Mahabharata
480,4.0,10,3.0,7.0,13.0,6.0,21,2.0,9.0,12,439,SECTION CLXIV,Mahabharata
481,2.0,5,5.0,4.0,10.0,9.0,24,1.0,4.0,15,372,SECTION CLXV,Mahabharata
482,22.0,19,10.0,32.0,27.0,35.0,53,13.0,11.0,35,1544,SECTION CLXVI,Mahabharata
483,24.0,40,16.0,20.0,50.0,41.0,113,15.0,17.0,52,2288,SECTION CLXVII,Mahabharata
484,13.0,6,7.0,15.0,11.0,18.0,23,5.0,7.0,16,554,SECTION CLXVIII,Mahabharata
485,23.0,1,3.0,17.0,10.0,23.0,21,7.0,3.0,11,683,SECTION CLXIX,Mahabharata
486,32.0,12,12.0,33.0,10.0,48.0,17,22.0,11.0,12,785,SECTION CLXX,Mahabharata
487,11.0,4,10.0,13.0,4.0,31.0,16,13.0,6.0,9,867,SECTION CLXXI,Mahabharata
488,57.0,27,17.0,62.0,44.0,73.0,76,32.0,22.0,40,2063,SECTION CLXXII,Mahabharata
489,5.0,11,2.0,3.0,10.0,8.0,16,4.0,8.0,13,430,SECTION CLXXIII,Mahabharata
490,6.0,11,4.0,6.0,11.0,12.0,22,5.0,4.0,11,613,SECTION CLXXIV,Mahabharata
491,7.0,12,5.0,13.0,13.0,17.0,40,5.0,9.0,16,864,SECTION CLXXV,Mahabharata
492,6.0,11,6.0,11.0,12.0,18.0,25,7.0,2.0,8,829,SECTION CLXXVI,Mahabharata
493,20.0,8,12.0,32.0,11.0,36.0,40,11.0,7.0,25,874,SECTION CLXXVII,Mahabharata
494,30.0,30,28.0,46.0,22.0,71.0,63,32.0,10.0,40,1435,SECTION CLXXVIII,Mahabharata
495,9.0,24,19.0,31.0,31.0,29.0,60,12.0,10.0,34,1176,SECTION CLXXIX,Mahabharata
496,21.0,17,26.0,36.0,32.0,52.0,100,25.0,9.0,45,1479,SECTION CLXXX,Mahabharata
497,5.0,12,2.0,5.0,18.0,9.0,28,5.0,5.0,11,509,SECTION CLXXXI,Mahabharata
498,39.0,73,34.0,54.0,76.0,88.0,189,34.0,32.0,109,3380,SECTION CLXXXII,Mahabharata
499,13.0,12,11.0,21.0,8.0,28.0,21,14.0,8.0,17,672,SECTION CLXXXIII,Mahabharata
500,12.0,19,8.0,13.0,34.0,26.0,74,15.0,11.0,45,1134,SECTION CLXXXIV,Mahabharata
501,10.0,15,6.0,10.0,23.0,11.0,44,7.0,8.0,20,652,SECTION CLXXXV,Mahabharata
502,14.0,26,14.0,18.0,18.0,32.0,57,11.0,7.0,27,1432,SECTION CLXXXVI,Mahabharata
503,34.0,47,64.0,59.0,45.0,101.0,156,37.0,35.0,86,4184,SECTION CLXXXVII,Mahabharata
504,19.0,39,24.0,33.0,34.0,48.0,69,18.0,20.0,40,1906,SECTION CLXXXVIII,Mahabharata
505,54.0,59,40.0,59.0,50.0,114.0,111,55.0,18.0,76,2975,SECTION CLXXXIX,Mahabharata
506,17.0,27,14.0,19.0,32.0,32.0,64,17.0,7.0,43,1109,SECTION CLXL,Mahabharata
507,56.0,27,28.0,56.0,36.0,99.0,157,37.0,13.0,45,2987,SECTION CLXLI,Mahabharata
508,13.0,24,15.0,21.0,33.0,30.0,65,14.0,12.0,35,1161,SECTION CLXLII,Mahabharata
509,5.0,2,7.0,7.0,8.0,12.0,22,7.0,4.0,10,447,SECTION CLXLIII,Mahabharata
510,2.0,3,2.0,1.0,3.0,4.0,15,1.0,1.0,4,237,SECTION CLXLIV,Mahabharata
511,5.0,5,3.0,1.0,6.0,5.0,15,2.0,2.0,6,337,SECTION CLXLV,Mahabharata
512,12.0,15,18.0,36.0,20.0,54.0,58,9.0,8.0,29,1236,SECTION CLXLVI,Mahabharata
513,3.0,11,0.0,8.0,20.0,12.0,62,4.0,6.0,14,1419,SECTION CLXLVII,Mahabharata
514,6.0,6,5.0,10.0,5.0,17.0,23,17.0,0.0,10,854,SECTION CLXLVIII,Mahabharata
515,44.0,99,39.0,65.0,134.0,101.0,279,50.0,63.0,131,4569,SECTION CLXLIX,Mahabharata
516,13.0,25,15.0,16.0,25.0,27.0,59,12.0,10.0,32,1070,SECTION CC,Mahabharata
517,19.0,11,14.0,16.0,13.0,22.0,51,8.0,5.0,24,855,SECTION CCI,Mahabharata
518,16.0,11,14.0,23.0,24.0,25.0,61,5.0,5.0,30,1080,SECTION CCII,Mahabharata
519,30.0,16,17.0,31.0,23.0,31.0,66,8.0,14.0,21,1327,SECTION CCIII,Mahabharata
520,5.0,12,6.0,19.0,17.0,16.0,48,10.0,5.0,31,716,SECTION CCIV,Mahabharata
521,26.0,33,21.0,26.0,33.0,49.0,90,14.0,18.0,54,1577,SECTION CCV,Mahabharata
522,60.0,66,42.0,77.0,122.0,109.0,250,64.0,40.0,174,3287,SECTION CCVI,Mahabharata
523,20.0,15,23.0,43.0,28.0,46.0,54,25.0,11.0,41,1112,SECTION CCVII,Mahabharata
524,20.0,43,22.0,34.0,55.0,57.0,104,29.0,23.0,66,1645,SECTION CCVIII,Mahabharata
525,9.0,10,9.0,10.0,13.0,15.0,27,8.0,4.0,17,565,SECTION CCIX,Mahabharata
526,12.0,10,6.0,18.0,6.0,20.0,30,9.0,5.0,12,760,SECTION CCX,Mahabharata
527,6.0,3,4.0,5.0,3.0,14.0,21,3.0,4.0,7,383,SECTION CCXI,Mahabharata
528,8.0,25,11.0,17.0,31.0,30.0,93,7.0,16.0,46,1437,SECTION CCXII,Mahabharata
529,1.0,17,3.0,8.0,19.0,6.0,43,4.0,9.0,31,791,SECTION CCXIII,Mahabharata
530,10.0,19,12.0,13.0,27.0,28.0,61,24.0,13.0,44,988,SECTION CCXIV,Mahabharata
531,19.0,21,20.0,31.0,28.0,41.0,61,32.0,12.0,36,1050,SECTION CCXV,Mahabharata
532,12.0,8,1.0,24.0,9.0,16.0,21,11.0,5.0,10,592,SECTION CCXVI,Mahabharata
533,2.0,2,2.0,2.0,9.0,3.0,16,2.0,1.0,3,239,SECTION CCXVII,Mahabharata
534,8.0,9,6.0,28.0,15.0,13.0,32,8.0,4.0,18,798,SECTION CCXVIII,Mahabharata
535,6.0,4,8.0,11.0,3.0,11.0,11,12.0,2.0,6,534,SECTION CCXIX,Mahabharata
536,5.0,8,11.0,39.0,13.0,16.0,28,11.0,2.0,12,965,SECTION CCXX,Mahabharata
537,9.0,7,10.0,33.0,7.0,21.0,30,10.0,1.0,11,900,SECTION CCXXI,Mahabharata
538,8.0,10,3.0,12.0,9.0,16.0,18,9.0,5.0,8,421,SECTION CCXXII,Mahabharata
539,12.0,39,10.0,25.0,36.0,22.0,63,12.0,15.0,29,1161,SECTION CCXXIII,Mahabharata
540,16.0,26,10.0,28.0,32.0,24.0,42,10.0,6.0,24,1099,SECTION CCXXIV,Mahabharata
541,14.0,20,7.0,21.0,23.0,23.0,35,12.0,3.0,18,819,SECTION CCXXV,Mahabharata
542,16.0,8,4.0,18.0,12.0,21.0,25,8.0,6.0,13,515,SECTION CCXXVI,Mahabharata
543,5.0,8,4.0,5.0,10.0,4.0,18,5.0,2.0,11,421,SECTION CCXXVII,Mahabharata
544,11.0,48,7.0,23.0,53.0,24.0,92,8.0,20.0,60,1470,SECTION CCXXVIII,Mahabharata
545,37.0,55,36.0,43.0,60.0,68.0,122,51.0,26.0,56,1738,SECTION CCXXIX,Mahabharata
546,62.0,113,47.0,87.0,149.0,105.0,239,69.0,63.0,112,3958,SECTION CCXXX,Mahabharata
547,24.0,43,14.0,32.0,53.0,51.0,101,23.0,10.0,63,1786,SECTION CCXXXI,Mahabharata
548,10.0,10,12.0,11.0,9.0,18.0,22,7.0,3.0,16,510,SECTION CCXXXII,Mahabharata
549,7.0,6,2.0,7.0,11.0,14.0,18,10.0,3.0,9,484,SECTION CCXXXIII,Mahabharata
550,32.0,22,19.0,42.0,19.0,61.0,46,29.0,6.0,32,1273,SECTION CCXXXIV,Mahabharata
551,11.0,10,5.0,8.0,12.0,20.0,31,9.0,5.0,11,657,SECTION CCXXXV,Mahabharata
552,7.0,13,3.0,7.0,11.0,15.0,32,5.0,0.0,10,668,SECTION CCXXXVI,Mahabharata
553,13.0,13,4.0,11.0,12.0,18.0,44,7.0,2.0,14,790,SECTION CCXXXVII,Mahabharata
554,9.0,6,2.0,9.0,13.0,10.0,45,4.0,2.0,12,839,SECTION CCXXXVIII,Mahabharata
555,23.0,6,6.0,30.0,10.0,30.0,29,9.0,8.0,14,903,SECTION CCXXXIX,Mahabharata
556,17.0,4,12.0,18.0,3.0,31.0,19,20.0,2.0,6,660,SECTION CCXL,Mahabharata
557,20.0,14,7.0,16.0,16.0,24.0,31,12.0,10.0,15,622,SECTION CCXLI,Mahabharata
558,15.0,12,3.0,8.0,13.0,15.0,26,4.0,6.0,9,557,SECTION CCXLII,Mahabharata
559,16.0,7,1.0,19.0,10.0,25.0,22,8.0,4.0,7,830,SECTION CCXLIII,Mahabharata
560,15.0,8,11.0,15.0,13.0,29.0,38,14.0,3.0,14,750,SECTION CCXLIV,Mahabharata
561,5.0,10,3.0,9.0,14.0,17.0,23,9.0,6.0,9,434,SECTION CCXLV,Mahabharata
562,10.0,8,0.0,9.0,5.0,19.0,13,7.0,2.0,4,459,SECTION CCXLVI,Mahabharata
563,20.0,16,12.0,32.0,16.0,45.0,45,27.0,9.0,25,1155,SECTION CCXLVII,Mahabharata
564,7.0,8,2.0,5.0,7.0,13.0,25,6.0,5.0,8,413,SECTION CCXLVIII,Mahabharata
565,13.0,12,6.0,17.0,23.0,34.0,45,17.0,10.0,20,839,SECTION CCXLIX,Mahabharata
566,42.0,36,14.0,36.0,34.0,56.0,79,19.0,17.0,35,1459,SECTION CCL,Mahabharata
567,14.0,20,7.0,14.0,26.0,17.0,44,6.0,13.0,23,839,SECTION CCLI,Mahabharata
568,12.0,13,5.0,9.0,17.0,18.0,39,5.0,3.0,21,873,SECTION CCLII,Mahabharata
569,12.0,6,6.0,10.0,9.0,17.0,27,8.0,5.0,14,708,SECTION CCLIII,Mahabharata
570,4.0,10,3.0,6.0,17.0,9.0,36,2.0,4.0,20,655,SECTION CCLIV,Mahabharata
571,14.0,25,5.0,16.0,29.0,15.0,47,3.0,10.0,29,778,SECTION CCLV,Mahabharata
572,3.0,6,2.0,8.0,4.0,10.0,16,7.0,1.0,5,484,SECTION CCLVI,Mahabharata
573,21.0,27,10.0,27.0,36.0,34.0,70,19.0,7.0,35,959,SECTION CCLVII,Mahabharata
574,12.0,11,8.0,9.0,36.0,26.0,66,7.0,5.0,49,1041,SECTION CCLVIII,Mahabharata
575,21.0,41,12.0,25.0,60.0,51.0,89,30.0,8.0,41,1566,SECTION CCLIX,Mahabharata
576,5.0,18,2.0,9.0,25.0,14.0,46,5.0,12.0,22,771,SECTION CCLX,Mahabharata
577,17.0,34,14.0,30.0,33.0,36.0,75,20.0,16.0,38,1418,SECTION CCLXI,Mahabharata
578,2.0,8,2.0,4.0,12.0,7.0,28,3.0,2.0,11,461,SECTION CCLXII,Mahabharata
579,6.0,8,3.0,8.0,12.0,2.0,26,4.0,5.0,8,506,SECTION CCLXIII,Mahabharata
580,1.0,7,0.0,1.0,7.0,1.0,16,2.0,3.0,3,319,SECTION CCLXIV,Mahabharata
581,7.0,7,5.0,9.0,10.0,15.0,27,10.0,3.0,11,664,SECTION CCLXV,Mahabharata
582,38.0,15,21.0,40.0,17.0,48.0,32,24.0,11.0,18,1027,SECTION CCLXVI,Mahabharata
583,31.0,10,19.0,33.0,13.0,49.0,32,26.0,11.0,13,1090,SECTION CCLXVII,Mahabharata
584,28.0,17,14.0,23.0,16.0,28.0,40,7.0,12.0,26,896,SECTION CCLXVIII,Mahabharata
585,40.0,17,15.0,36.0,19.0,60.0,76,22.0,15.0,31,1576,SECTION CCLXIX,Mahabharata
586,52.0,36,30.0,66.0,47.0,72.0,122,39.0,21.0,56,2369,SECTION CCLXX,Mahabharata
587,13.0,5,10.0,14.0,9.0,26.0,15,17.0,3.0,6,396,SECTION CCLXXI,Mahabharata
588,9.0,6,5.0,12.0,10.0,12.0,23,6.0,1.0,16,490,SECTION CCLXXII,Mahabharata
589,27.0,12,20.0,25.0,21.0,36.0,50,15.0,5.0,32,1081,SECTION CCLXXIII,Mahabharata
590,7.0,6,4.0,6.0,7.0,9.0,20,2.0,2.0,16,423,SECTION CCLXXIV,Mahabharata
591,30.0,19,18.0,36.0,43.0,56.0,85,19.0,8.0,41,1622,SECTION CCLXXV,Mahabharata
592,20.0,19,11.0,33.0,17.0,47.0,46,24.0,7.0,18,1215,SECTION CCLXXVI,Mahabharata
593,20.0,17,16.0,35.0,18.0,47.0,54,27.0,13.0,31,1446,SECTION CCLXXVII,Mahabharata
594,46.0,31,27.0,45.0,32.0,73.0,84,34.0,13.0,49,2126,SECTION CCLXXVIII,Mahabharata
595,11.0,11,12.0,12.0,25.0,35.0,53,16.0,3.0,31,895,SECTION CCLXXIX,Mahabharata
596,18.0,33,15.0,21.0,29.0,44.0,81,23.0,13.0,46,1993,SECTION CCLXXX,Mahabharata
597,24.0,10,6.0,21.0,18.0,33.0,58,12.0,5.0,29,1548,SECTION CCLXXXI,Mahabharata
598,27.0,16,13.0,31.0,17.0,44.0,39,19.0,13.0,19,1212,SECTION CCLXXXII,Mahabharata
599,10.0,6,3.0,12.0,3.0,12.0,16,6.0,0.0,7,408,SECTION CCLXXXIII,Mahabharata
600,28.0,9,10.0,31.0,17.0,28.0,32,14.0,11.0,18,753,SECTION CCLXXXIV,Mahabharata
601,25.0,9,11.0,23.0,10.0,27.0,27,16.0,8.0,12,840,SECTION CCLXXXV,Mahabharata
602,27.0,8,5.0,20.0,16.0,27.0,28,6.0,9.0,14,772,SECTION CCLXXXVI,Mahabharata
603,27.0,9,12.0,23.0,13.0,37.0,27,15.0,9.0,15,1011,SECTION CCLXXXVII,Mahabharata
604,25.0,9,16.0,25.0,11.0,35.0,23,14.0,13.0,11,907,SECTION CCLXXXVIII,Mahabharata
605,22.0,40,18.0,22.0,50.0,46.0,97,20.0,21.0,54,2072,SECTION CCLXXXIX,Mahabharata
606,14.0,4,7.0,14.0,8.0,16.0,16,14.0,4.0,4,414,SECTION CCLXL,Mahabharata
607,10.0,14,3.0,10.0,24.0,19.0,69,8.0,1.0,29,1164,SECTION CCLXLI,Mahabharata
608,20.0,21,10.0,15.0,31.0,29.0,69,8.0,8.0,34,1085,SECTION CCLXLII,Mahabharata
609,8.0,14,6.0,8.0,27.0,16.0,46,7.0,6.0,21,656,SECTION CCLXLIII,Mahabharata
610,15.0,28,5.0,16.0,24.0,31.0,40,10.0,5.0,24,990,SECTION CCLXLIV,Mahabharata
611,50.0,82,43.0,56.0,82.0,127.0,201,78.0,32.0,116,3846,SECTION CCLXLV,Mahabharata
612,12.0,20,6.0,26.0,19.0,31.0,45,21.0,10.0,39,1327,SECTION CCLXLVI,Mahabharata
613,8.0,14,5.0,10.0,15.0,9.0,27,4.0,3.0,13,474,SECTION CCLXLVII,Mahabharata
614,23.0,27,8.0,18.0,33.0,36.0,65,13.0,11.0,36,1204,SECTION CCLXLVIII,Mahabharata
615,9.0,12,5.0,10.0,14.0,19.0,30,10.0,5.0,19,594,SECTION CCLXLIX,Mahabharata
616,11.0,6,10.0,13.0,9.0,19.0,28,7.0,6.0,17,617,SECTION CCC,Mahabharata
617,11.0,25,9.0,9.0,39.0,18.0,66,10.0,10.0,30,975,SECTION CCCI,Mahabharata
618,8.0,15,6.0,9.0,17.0,15.0,34,6.0,5.0,22,625,SECTION CCCII,Mahabharata
619,6.0,5,1.0,5.0,15.0,11.0,38,4.0,1.0,14,664,SECTION CCCIII,Mahabharata
620,9.0,17,11.0,18.0,18.0,25.0,44,12.0,7.0,19,1000,SECTION CCCIV,Mahabharata
621,26.0,18,14.0,26.0,17.0,37.0,35,20.0,4.0,29,1000,SECTION CCCV,Mahabharata
622,8.0,23,7.0,12.0,23.0,17.0,45,4.0,6.0,20,801,SECTION CCCVI,Mahabharata
623,6.0,28,2.0,14.0,26.0,13.0,36,4.0,9.0,13,693,SECTION CCCVII,Mahabharata
624,29.0,29,19.0,38.0,20.0,49.0,49,17.0,6.0,24,1443,SECTION CCCVIII,Mahabharata
625,12.0,15,8.0,16.0,13.0,18.0,22,11.0,5.0,15,615,SECTION CCCIX,Mahabharata
626,28.0,28,16.0,19.0,20.0,50.0,54,21.0,9.0,27,1508,SECTION CCCX,Mahabharata
627,84.0,75,66.0,90.0,102.0,143.0,215,73.0,32.0,127,4595,SECTION CCCXI,Mahabharata
628,10.0,22,8.0,8.0,24.0,20.0,58,13.0,19.0,29,951,SECTION CCCXII,Mahabharata
629,50.0,68,31.0,67.0,82.0,91.0,233,38.0,30.0,107,4638,SECTION CCCXIII,Mahabharata
